time,hr_patch,hr_polar
2026-08-10 14:00:07,85.75107296137338,81.0
2026-08-10 14:00:08,86.12068965517241,81.0
2026-08-10 14:00:09,86.49350649350649,81.0
2026-08-10 14:00:10,90.02922789640334,81.0
2026-08-10 14:00:11,92.5,81.0
2026-08-10 14:00:12,91.6590909090909,82.0
2026-08-10 14:00:13,88.80000000000001,83.0
2026-08-10 14:00:14,85.40957252466205,84.0
2026-08-10 14:00:15,82.90456431535269,86.0
2026-08-10 14:00:16,85.02281616688396,87.0
2026-08-10 14:00:17,86.12068965517241,88.0
2026-08-10 14:00:18,85.02127659574468,87.0
2026-08-10 14:00:19,82.75030012004802,87.0
2026-08-10 14:00:20,80.89068825910931,86.0
2026-08-10 14:00:21,80.89068825910931,86.0
2026-08-10 14:00:22,80.41836734693877,85.0
2026-08-10 14:00:23,77.7431906614786,84.0
2026-08-10 14:00:24,78.97233201581028,84.0
2026-08-10 14:00:25,83.28614850195397,84.0
2026-08-10 14:00:26,82.56198347107438,85.0
2026-08-10 14:00:27,81.55102040816327,86.0
2026-08-10 14:00:28,82.81278962001853,87.0
2026-08-10 14:00:29,91.23287671232876,88.0
2026-08-10 14:00:30,89.80183419521654,88.0
2026-08-10 14:00:31,89.5964125560538,88.0
2026-08-10 14:00:32,93.15140845070422,87.0
2026-08-10 14:00:33,89.85265583313122,87.0
2026-08-10 14:00:34,86.49350649350649,87.0
2026-08-10 14:00:35,89.5964125560538,87.0
2026-08-10 14:00:36,83.08590102707751,88.0
2026-08-10 14:00:37,81.88524590163934,88.0
2026-08-10 14:00:38,83.63493064312736,90.0
2026-08-10 14:00:39,81.21951219512195,91.0
2026-08-10 14:00:40,82.56198347107438,92.0
2026-08-10 14:00:41,87.4502930697621,93.0
2026-08-10 14:00:42,89.5964125560538,94.0
2026-08-10 14:00:43,92.94832958282846,95.0
2026-08-10 14:00:44,96.0576923076923,94.0
2026-08-10 14:00:45,90.69105356334143,94.0
2026-08-10 14:00:46,87.63157894736841,92.0
2026-08-10 14:00:47,87.46034482758621,91.0
2026-08-10 14:00:48,85.38461538461539,91.0
2026-08-10 14:00:49,86.31676184077931,91.0
2026-08-10 14:00:50,85.75107296137338,92.0
2026-08-10 14:00:51,89.05122096486004,93.0
2026-08-10 14:00:52,92.07373271889402,93.0
2026-08-10 14:00:53,93.14735926972398,93.0
2026-08-10 14:00:54,96.5217391304348,93.0
2026-08-10 14:00:55,97.94352997717169,92.0
2026-08-10 14:00:56,98.18241089539265,91.0
2026-08-10 14:00:57,100.9090909090909,91.0
2026-08-10 14:00:58,99.92248255857567,89.0
2026-08-10 14:00:59,94.0240499601382,88.0
2026-08-10 14:01:00,93.36448598130842,87.0
2026-08-10 14:01:01,89.37455068296191,86.0
2026-08-10 14:01:02,82.90456431535269,85.0
2026-08-10 14:01:03,88.01762114537445,85.0
2026-08-10 14:01:04,90.00730519480518,85.0
2026-08-10 14:01:05,95.65283122594833,85.0
2026-08-10 14:01:06,96.99029126213591,85.0
2026-08-10 14:01:07,96.53075037927412,85.0
2026-08-10 14:01:08,98.9108910891089,85.0
2026-08-10 14:01:09,93.59597156398104,85.0
2026-08-10 14:01:10,90.0,85.0
2026-08-10 14:01:11,91.44595726853792,86.0
2026-08-10 14:01:12,86.49350649350649,87.0
2026-08-10 14:01:13,84.14458984998404,88.0
2026-08-10 14:01:14,80.56451612903226,90.0
2026-08-10 14:01:15,82.22222222222223,91.0
2026-08-10 14:01:16,81.22085433363628,93.0
2026-08-10 14:01:17,79.60159362549801,94.0
2026-08-10 14:01:18,84.02226345083488,94.0
2026-08-10 14:01:19,89.5964125560538,94.0
2026-08-10 14:01:20,88.01762114537445,93.0
2026-08-10 14:01:21,85.40957252466205,91.0
2026-08-10 14:01:22,86.12068965517241,90.0
2026-08-10 14:01:23,87.47375076640097,88.0
2026-08-10 14:01:24,85.38461538461539,88.0
2026-08-10 14:01:25,84.3413365631234,88.0
2026-08-10 14:01:26,89.5964125560538,88.0
2026-08-10 14:01:27,89.60361990950227,89.0
2026-08-10 14:01:28,92.5,88.0
2026-08-10 14:01:29,96.30313588850174,88.0
2026-08-10 14:01:30,99.40298507462686,87.0
2026-08-10 14:01:31,101.43177425589487,86.0
2026-08-10 14:01:32,102.23225502512562,85.0
2026-08-10 14:01:33,97.94117647058825,85.0
2026-08-10 14:01:34,96.0576923076923,85.0
2026-08-10 14:01:35,90.0657894736842,84.0
2026-08-10 14:01:36,82.56198347107438,84.0
2026-08-10 14:01:37,82.90456431535269,84.0
2026-08-10 14:01:38,80.08048192771085,84.0
2026-08-10 14:01:39,85.38461538461539,84.0
2026-08-10 14:01:40,90.40723981900453,84.0
2026-08-10 14:01:41,93.36448598130842,83.0
2026-08-10 14:01:42,91.036866359447,84.0
2026-08-10 14:01:43,89.5964125560538,84.0
2026-08-10 14:01:44,86.14629794826047,84.0
2026-08-10 14:01:45,85.38461538461539,84.0
2026-08-10 14:01:46,83.25,83.0
2026-08-10 14:01:47,81.40147366324803,82.0
2026-08-10 14:01:48,85.75107296137338,81.0
2026-08-10 14:01:49,85.94542090656799,80.0
2026-08-10 14:01:50,84.30379746835443,78.0
2026-08-10 14:01:51,87.24890829694323,77.0
2026-08-10 14:01:52,83.80341880341881,76.0
2026-08-10 14:01:53,81.88524590163934,75.0
2026-08-10 14:01:54,82.91027429102743,75.0
2026-08-10 14:01:55,81.55102040816327,75.0
2026-08-10 14:01:56,84.30379746835443,77.0
2026-08-10 14:01:57,85.26807163136056,78.0
2026-08-10 14:01:58,82.56198347107438,79.0
2026-08-10 14:01:59,86.12068965517241,80.0
2026-08-10 14:02:00,83.59832635983264,80.0
2026-08-10 14:02:01,82.90456431535269,80.0
2026-08-10 14:02:02,81.38223362861163,79.0
2026-08-10 14:02:03,76.55172413793103,78.0
2026-08-10 14:02:04,76.25954198473282,77.0
2026-08-10 14:02:05,72.3913043478261,76.0
2026-08-10 14:02:06,68.659793814433,75.0
2026-08-10 14:02:07,71.63591035262671,75.0
2026-08-10 14:02:08,72.3913043478261,75.0
2026-08-10 14:02:09,71.35714285714285,75.0
2026-08-10 14:02:10,80.46027946694268,76.0
2026-08-10 14:02:11,85.02127659574468,77.0
2026-08-10 14:02:12,85.02127659574468,77.0
2026-08-10 14:02:13,84.6853448275862,77.0
2026-08-10 14:02:14,82.56198347107438,76.0
2026-08-10 14:02:15,81.21951219512195,76.0
2026-08-10 14:02:16,78.54355885078778,76.0
2026-08-10 14:02:17,74.8314606741573,76.0
2026-08-10 14:02:18,73.45588235294117,77.0
2026-08-10 14:02:19,74.55223880597015,77.0
2026-08-10 14:02:20,72.00210378681626,78.0
2026-08-10 14:02:21,71.35714285714285,79.0
2026-08-10 14:02:22,74.27509293680298,79.0
2026-08-10 14:02:23,75.96958174904942,79.0
2026-08-10 14:02:24,77.15320849236642,79.0
2026-08-10 14:02:25,82.90456431535269,79.0
2026-08-10 14:02:26,79.60159362549801,79.0
2026-08-10 14:02:27,75.42307692307693,78.0
2026-08-10 14:02:28,78.66141732283464,79.0
2026-08-10 14:02:29,78.3529411764706,79.0
2026-08-10 14:02:30,74.27509293680298,80.0
2026-08-10 14:02:31,75.31433682596473,80.0
2026-08-10 14:02:32,78.97233201581028,80.0
2026-08-10 14:02:33,77.44186046511628,80.0
2026-08-10 14:02:34,81.3054985773837,80.0
2026-08-10 14:02:35,80.24096385542168,81.0
2026-08-10 14:02:36,79.92,81.0
2026-08-10 14:02:37,80.93844816558149,82.0
2026-08-10 14:02:38,82.56198347107438,82.0
2026-08-10 14:02:39,78.046875,82.0
2026-08-10 14:02:40,77.81859513525801,82.0
2026-08-10 14:02:41,81.21951219512195,82.0
2026-08-10 14:02:42,79.28571428571428,82.0
2026-08-10 14:02:43,79.29695251594615,82.0
2026-08-10 14:02:44,83.25,82.0
2026-08-10 14:02:45,79.28571428571428,82.0
2026-08-10 14:02:46,81.97336561743342,83.0
2026-08-10 14:02:47,80.89068825910931,83.0
2026-08-10 14:02:48,80.24096385542168,84.0
2026-08-10 14:02:49,81.93478991596639,85.0
2026-08-10 14:02:50,81.88524590163934,86.0
2026-08-10 14:02:51,82.56198347107438,87.0
2026-08-10 14:02:52,85.80797375260354,88.0
2026-08-10 14:02:53,83.59832635983264,89.0
2026-08-10 14:02:54,83.79163003340953,90.0
2026-08-10 14:02:55,83.59832635983264,91.0
2026-08-10 14:02:56,80.24096385542168,91.0
2026-08-10 14:02:57,81.97336561743342,92.0
2026-08-10 14:02:58,82.22222222222223,92.0
2026-08-10 14:02:59,84.14458984998404,92.0
2026-08-10 14:03:00,84.66101694915254,92.0
2026-08-10 14:03:01,85.38461538461539,91.0
2026-08-10 14:03:02,86.31031908938235,92.0
2026-08-10 14:03:03,83.59832635983264,92.0
2026-08-10 14:03:04,89.6414775470787,92.0
2026-08-10 14:03:05,91.65137614678899,92.0
2026-08-10 14:03:06,92.72709652409873,92.0
2026-08-10 14:03:07,94.24528301886794,92.0
2026-08-10 14:03:08,90.83507263747391,91.0
2026-08-10 14:03:09,93.20813397129187,90.0
2026-08-10 14:03:10,96.5217391304348,89.0
2026-08-10 14:03:11,96.28971571906355,88.0
2026-08-10 14:03:12,99.40298507462686,88.0
2026-08-10 14:03:13,94.25365182258136,87.0
2026-08-10 14:03:14,81.88524590163934,86.0
2026-08-10 14:03:15,86.6815358554489,86.0
2026-08-10 14:03:16,86.12068965517241,85.0
2026-08-10 14:03:17,90.00730519480518,85.0
2026-08-10 14:03:18,94.69194312796209,84.0
2026-08-10 14:03:19,99.44236721555032,83.0
2026-08-10 14:03:20,104.61019736842105,82.0
2026-08-10 14:03:21,106.84491978609626,82.0
2026-08-10 14:03:22,101.24307266009852,81.0
2026-08-10 14:03:23,91.87420718816068,80.0
2026-08-10 14:03:24,87.24890829694323,80.0
2026-08-10 14:03:25,90.81818181818183,80.0
2026-08-10 14:03:26,81.72633586509184,80.0
2026-08-10 14:03:27,78.97233201581028,80.0
2026-08-10 14:03:28,86.53404829758512,80.0
2026-08-10 14:03:29,89.19642857142856,80.0
2026-08-10 14:03:30,90.0,80.0
2026-08-10 14:03:31,86.12068965517241,80.0
2026-08-10 14:03:32,80.56451612903226,80.0
2026-08-10 14:03:33,75.50374331550802,81.0
2026-08-10 14:03:34,78.3529411764706,81.0
2026-08-10 14:03:35,75.39622641509433,82.0
2026-08-10 14:03:36,80.78650036683786,82.0
2026-08-10 14:03:37,82.90456431535269,83.0
2026-08-10 14:03:38,84.30379746835443,82.0
2026-08-10 14:03:39,84.66709760827408,82.0
2026-08-10 14:03:40,81.55102040816327,82.0
2026-08-10 14:03:41,79.28571428571428,82.0
2026-08-10 14:03:42,77.25802839611234,82.0
2026-08-10 14:03:43,78.046875,82.0
2026-08-10 14:03:44,75.39622641509433,82.0
2026-08-10 14:03:45,82.54651083549135,82.0
2026-08-10 14:03:46,84.66101694915254,82.0
2026-08-10 14:03:47,88.46943573667713,82.0
2026-08-10 14:03:48,87.63157894736841,81.0
2026-08-10 14:03:49,85.02127659574468,81.0
2026-08-10 14:03:50,73.50456482045038,80.0
2026-08-10 14:03:51,74.0,80.0
2026-08-10 14:03:52,74.55223880597015,80.0
2026-08-10 14:03:53,74.55223880597015,80.0
2026-08-10 14:03:54,84.3173076923077,80.0
2026-08-10 14:03:55,87.24890829694323,81.0
2026-08-10 14:03:56,90.00182618752916,81.0
2026-08-10 14:03:57,86.86956521739131,81.0
2026-08-10 14:03:58,80.24096385542168,80.0
2026-08-10 14:03:59,77.21652714982766,79.0
2026-08-10 14:04:00,77.14285714285714,79.0
2026-08-10 14:04:01,86.49350649350649,78.0
2026-08-10 14:04:02,82.91741286678607,79.0
2026-08-10 14:04:03,74.8314606741573,79.0
2026-08-10 14:04:04,73.18681318681318,79.0
2026-08-10 14:04:05,77.5362122647895,80.0
2026-08-10 14:04:06,86.49350649350649,81.0
2026-08-10 14:04:07,88.61399575171112,81.0
2026-08-10 14:04:08,84.66101694915254,81.0
2026-08-10 14:04:09,79.28571428571428,81.0
2026-08-10 14:04:10,83.77395309588272,81.0
2026-08-10 14:04:11,78.3529411764706,81.0
2026-08-10 14:04:12,72.65454545454546,81.0
2026-08-10 14:04:13,71.87050359712231,81.0
2026-08-10 14:04:14,80.25261324041811,81.0
2026-08-10 14:04:15,77.44186046511628,82.0
2026-08-10 14:04:16,78.66141732283464,83.0
2026-08-10 14:04:17,81.23156853043048,83.0
2026-08-10 14:04:18,86.49350649350649,84.0
2026-08-10 14:04:19,89.6414775470787,84.0
2026-08-10 14:04:20,95.14285714285714,84.0
2026-08-10 14:04:21,99.92248255857567,83.0
2026-08-10 14:04:22,99.42513368983958,83.0
2026-08-10 14:04:23,90.81818181818183,83.0
2026-08-10 14:04:24,83.25,83.0
2026-08-10 14:04:25,77.59252556329744,83.0
2026-08-10 14:04:26,78.97233201581028,83.0
2026-08-10 14:04:27,79.28571428571428,83.0
2026-08-10 14:04:28,87.4156015360807,83.0
2026-08-10 14:04:29,90.81818181818183,83.0
2026-08-10 14:04:30,92.72709652409873,83.0
2026-08-10 14:04:31,92.31049935979513,83.0
2026-08-10 14:04:32,88.80000000000001,84.0
2026-08-10 14:04:33,86.12068965517241,85.0
2026-08-10 14:04:34,81.23159303882196,85.0
2026-08-10 14:04:35,84.30379746835443,86.0
2026-08-10 14:04:36,82.22779236175798,87.0
2026-08-10 14:04:37,78.3529411764706,87.0
2026-08-10 14:04:38,78.3529411764706,89.0
2026-08-10 14:04:39,82.31143511062135,90.0
2026-08-10 14:04:40,88.40707964601769,91.0
2026-08-10 14:04:41,90.4090909090909,92.0
2026-08-10 14:04:42,88.40707964601769,95.0
2026-08-10 14:04:43,85.38461538461539,97.0
2026-08-10 14:04:44,83.07728215767634,98.0
2026-08-10 14:04:45,81.88524590163934,100.0
2026-08-10 14:04:46,83.60418089185356,101.0
2026-08-10 14:04:47,88.80000000000001,101.0
2026-08-10 14:04:48,95.39655408177218,101.0
2026-08-10 14:04:49,100.9090909090909,101.0
2026-08-10 14:04:50,98.18241089539265,101.0
2026-08-10 14:04:51,96.99029126213591,100.0
2026-08-10 14:04:52,98.42364532019704,99.0
2026-08-10 14:04:53,100.66065989847715,98.0
2026-08-10 14:04:54,102.46423311592679,97.0
2026-08-10 14:04:55,98.9108910891089,96.0
2026-08-10 14:04:56,101.43177425589487,94.0
2026-08-10 14:04:57,106.84797529169526,93.0
2026-08-10 14:04:58,107.15062111801242,92.0
2026-08-10 14:04:59,103.52331606217615,91.0
2026-08-10 14:05:00,101.93877551020408,90.0
2026-08-10 14:05:01,103.26201923076923,89.0
2026-08-10 14:05:02,101.93877551020408,88.0
2026-08-10 14:05:03,99.9099909990999,87.0
2026-08-10 14:05:04,97.70229555236729,87.0
2026-08-10 14:05:05,96.5217391304348,87.0
2026-08-10 14:05:06,91.46511627906976,88.0
2026-08-10 14:05:07,96.99029126213591,89.0
2026-08-10 14:05:08,90.43686635944701,90.0
2026-08-10 14:05:09,85.02127659574468,90.0
2026-08-10 14:05:10,85.38617477855902,91.0
2026-08-10 14:05:11,79.28571428571428,91.0
2026-08-10 14:05:12,78.97233201581028,91.0
2026-08-10 14:05:13,85.21224356176342,92.0
2026-08-10 14:05:14,87.63157894736841,93.0
2026-08-10 14:05:15,84.30980147778865,94.0
2026-08-10 14:05:16,84.30379746835443,94.0
2026-08-10 14:05:17,89.5964125560538,95.0
2026-08-10 14:05:18,89.21243048218949,95.0
2026-08-10 14:05:19,93.83590942164797,95.0
2026-08-10 14:05:20,96.0576923076923,94.0
2026-08-10 14:05:21,96.55779422407957,94.0
2026-08-10 14:05:22,90.81818181818183,92.0
2026-08-10 14:05:23,87.64675324675325,91.0
2026-08-10 14:05:24,89.5964125560538,90.0
2026-08-10 14:05:25,92.50198263851678,89.0
2026-08-10 14:05:26,96.5217391304348,89.0
2026-08-10 14:05:27,97.94117647058825,88.0
2026-08-10 14:05:28,101.94939081537021,88.0
2026-08-10 14:05:29,102.46153846153847,88.0
2026-08-10 14:05:30,96.8014171085355,88.0
2026-08-10 14:05:31,95.92056182362421,88.0
2026-08-10 14:05:32,95.14285714285714,89.0
2026-08-10 14:05:33,91.92084778746087,90.0
2026-08-10 14:05:34,86.86956521739131,89.0
2026-08-10 14:05:35,83.97329942784489,89.0
2026-08-10 14:05:36,82.56198347107438,88.0
2026-08-10 14:05:37,81.88524590163934,88.0
2026-08-10 14:05:38,85.5772617213295,88.0
2026-08-10 14:05:39,88.80000000000001,88.0
2026-08-10 14:05:40,90.00182618752916,89.0
2026-08-10 14:05:41,89.19642857142856,89.0
2026-08-10 14:05:42,94.92168457163493,89.0
2026-08-10 14:05:43,94.24528301886794,89.0
2026-08-10 14:05:44,86.57300420168067,88.0
2026-08-10 14:05:45,79.28571428571428,87.0
2026-08-10 14:05:46,77.14285714285714,87.0
2026-08-10 14:05:47,76.99450549450549,86.0
2026-08-10 14:05:48,79.28571428571428,86.0
2026-08-10 14:05:49,83.59832635983264,87.0
2026-08-10 14:05:50,90.20361990950227,87.0
2026-08-10 14:05:51,94.46861307341501,87.0
2026-08-10 14:05:52,91.65137614678899,87.0
2026-08-10 14:05:53,91.08224299065421,87.0
2026-08-10 14:05:54,91.65137614678899,87.0
2026-08-10 14:05:55,87.30884457589924,87.0
2026-08-10 14:05:56,81.88524590163934,87.0
2026-08-10 14:05:57,80.89068825910931,87.0
2026-08-10 14:05:58,81.07111111111112,86.0
2026-08-10 14:05:59,90.81818181818183,86.0
2026-08-10 14:06:00,92.12264150943398,86.0
2026-08-10 14:06:01,93.36448598130842,85.0
2026-08-10 14:06:02,89.00174610103575,84.0
2026-08-10 14:06:03,87.63157894736841,83.0
2026-08-10 14:06:04,90.83507263747391,82.0
2026-08-10 14:06:05,94.24528301886794,82.0
2026-08-10 14:06:06,98.4331998543866,82.0
2026-08-10 14:06:07,100.66065989847715,82.0
2026-08-10 14:06:08,104.60732984293195,83.0
2026-08-10 14:06:09,100.76295731707316,84.0
2026-08-10 14:06:10,82.90456431535269,85.0
2026-08-10 14:06:11,77.89740082079344,86.0
2026-08-10 14:06:12,83.25,87.0
2026-08-10 14:06:13,86.12068965517241,89.0
2026-08-10 14:06:14,81.73454022219246,89.0
2026-08-10 14:06:15,79.28571428571428,90.0
2026-08-10 14:06:16,78.046875,89.0
2026-08-10 14:06:17,78.99207725845014,89.0
2026-08-10 14:06:18,82.56198347107438,88.0
2026-08-10 14:06:19,85.75107296137338,88.0
2026-08-10 14:06:20,89.21243048218949,87.0
2026-08-10 14:06:21,93.82142857142857,87.0
2026-08-10 14:06:22,93.36448598130842,87.0
2026-08-10 14:06:23,94.94311255587161,87.0
2026-08-10 14:06:24,97.46341463414633,87.0
2026-08-10 14:06:25,95.14285714285714,87.0
2026-08-10 14:06:26,94.69194312796209,87.0
2026-08-10 14:06:27,91.69961472873112,87.0
2026-08-10 14:06:28,88.40707964601769,86.0
2026-08-10 14:06:29,84.6853448275862,86.0
2026-08-10 14:06:30,83.25,86.0
2026-08-10 14:06:31,83.43289046971441,85.0
2026-08-10 14:06:32,88.40707964601769,86.0
2026-08-10 14:06:33,91.02930798289677,86.0
2026-08-10 14:06:34,88.80000000000001,87.0
2026-08-10 14:06:35,85.38461538461539,88.0
2026-08-10 14:06:36,86.13509244634395,88.0
2026-08-10 14:06:37,87.63157894736841,89.0
2026-08-10 14:06:38,90.00730519480518,89.0
2026-08-10 14:06:39,88.80000000000001,89.0
2026-08-10 14:06:40,82.77585260413093,89.0
2026-08-10 14:06:41,82.22222222222223,88.0
2026-08-10 14:06:42,81.88524590163934,88.0
2026-08-10 14:06:43,85.38617477855902,88.0
2026-08-10 14:06:44,88.80000000000001,88.0
2026-08-10 14:06:45,91.45361990950227,88.0
2026-08-10 14:06:46,90.81818181818183,88.0
2026-08-10 14:06:47,92.9322429906542,88.0
2026-08-10 14:06:48,93.58775778850372,88.0
2026-08-10 14:06:49,90.40723981900453,89.0
2026-08-10 14:06:50,86.6815358554489,90.0
2026-08-10 14:06:51,85.75107296137338,90.0
2026-08-10 14:06:52,90.0,91.0
2026-08-10 14:06:53,87.44359318138288,91.0
2026-08-10 14:06:54,89.5964125560538,91.0
2026-08-10 14:06:55,91.24048626894927,91.0
2026-08-10 14:06:56,86.86956521739131,90.0
2026-08-10 14:06:57,87.05923675716727,90.0
2026-08-10 14:06:58,87.63157894736841,89.0
2026-08-10 14:06:59,88.6070248584015,89.0
2026-08-10 14:07:00,89.19642857142856,88.0
2026-08-10 14:07:01,92.29080435246425,88.0
2026-08-10 14:07:02,97.94117647058825,87.0
2026-08-10 14:07:03,98.22985117897178,87.0
2026-08-10 14:07:04,92.34597156398104,87.0
2026-08-10 14:07:05,86.86956521739131,86.0
2026-08-10 14:07:06,92.29080435246425,86.0
2026-08-10 14:07:07,88.80000000000001,86.0
2026-08-10 14:07:08,86.49512743628186,85.0
2026-08-10 14:07:09,86.12068965517241,85.0
2026-08-10 14:07:10,86.12068965517241,85.0
2026-08-10 14:07:11,84.48542821383873,85.0
2026-08-10 14:07:12,86.49350649350649,85.0
2026-08-10 14:07:13,92.0756880733945,85.0
2026-08-10 14:07:14,93.80281690140845,85.0
2026-08-10 14:07:15,87.0923076923077,85.0
2026-08-10 14:07:16,84.66101694915254,84.0
2026-08-10 14:07:17,84.66253703204956,84.0
2026-08-10 14:07:18,81.21951219512195,84.0
2026-08-10 14:07:19,82.22222222222223,84.0
2026-08-10 14:07:20,87.82799397148045,85.0
2026-08-10 14:07:21,87.63157894736841,85.0
2026-08-10 14:07:22,88.02445414847162,86.0
2026-08-10 14:07:23,87.24890829694323,87.0
2026-08-10 14:07:24,86.91063829787234,87.0
2026-08-10 14:07:25,81.21951219512195,87.0
2026-08-10 14:07:26,79.92,86.0
2026-08-10 14:07:27,80.91190792386013,85.0
2026-08-10 14:07:28,85.02127659574468,85.0
2026-08-10 14:07:29,83.95550847457628,84.0
2026-08-10 14:07:30,84.30379746835443,85.0
2026-08-10 14:07:31,86.12068965517241,87.0
2026-08-10 14:07:32,89.07244132014773,88.0
2026-08-10 14:07:33,90.40723981900453,89.0
2026-08-10 14:07:34,90.61643835616438,90.0
2026-08-10 14:07:35,87.63157894736841,91.0
2026-08-10 14:07:36,90.61643835616438,91.0
2026-08-10 14:07:37,87.24890829694323,92.0
2026-08-10 14:07:38,82.6127665390924,91.0
2026-08-10 14:07:39,80.56451612903226,91.0
2026-08-10 14:07:40,85.75107296137338,90.0
2026-08-10 14:07:41,84.1266886501436,90.0
2026-08-10 14:07:42,88.80000000000001,90.0
2026-08-10 14:07:43,95.60684112919844,90.0
2026-08-10 14:07:44,96.29418869326892,90.0
2026-08-10 14:07:45,91.65137614678899,90.0
2026-08-10 14:07:46,94.26415934127073,90.0
2026-08-10 14:07:47,96.99029126213591,91.0
2026-08-10 14:07:48,98.66726820465297,91.0
2026-08-10 14:07:49,95.14285714285714,91.0
2026-08-10 14:07:50,87.67374275871359,91.0
2026-08-10 14:07:51,83.59832635983264,90.0
2026-08-10 14:07:52,83.5997899159664,90.0
2026-08-10 14:07:53,90.81818181818183,91.0
2026-08-10 14:07:54,91.44212642955887,91.0
2026-08-10 14:07:55,90.40723981900453,91.0
2026-08-10 14:07:56,90.61271081859317,91.0
2026-08-10 14:07:57,89.19642857142856,91.0
2026-08-10 14:07:58,90.86511627906977,91.0
2026-08-10 14:07:59,96.0576923076923,91.0
2026-08-10 14:08:00,96.99257688229056,91.0
2026-08-10 14:08:01,91.30140845070423,91.0
2026-08-10 14:08:02,83.59832635983264,90.0
2026-08-10 14:08:03,88.40707964601769,90.0
2026-08-10 14:08:04,83.18082675529705,88.0
2026-08-10 14:08:05,77.14285714285714,87.0
2026-08-10 14:08:06,77.7431906614786,86.0
2026-08-10 14:08:07,80.24614094230367,85.0
2026-08-10 14:08:08,85.75107296137338,85.0
2026-08-10 14:08:09,91.0255292652553,84.0
2026-08-10 14:08:10,90.40723981900453,85.0
2026-08-10 14:08:11,86.6913259543709,85.0
2026-08-10 14:08:12,83.59832635983264,85.0
2026-08-10 14:08:13,82.22222222222223,85.0
2026-08-10 14:08:14,84.15652821622388,84.0
2026-08-10 14:08:15,82.22222222222223,84.0
2026-08-10 14:08:16,80.56451612903226,84.0
2026-08-10 14:08:17,79.44365395560615,84.0
2026-08-10 14:08:18,85.02127659574468,85.0
2026-08-10 14:08:19,83.60418089185356,86.0
2026-08-10 14:08:20,85.38461538461539,86.0
2026-08-10 14:08:21,90.20361990950227,86.0
2026-08-10 14:08:22,88.01762114537445,86.0
2026-08-10 14:08:23,86.12068965517241,86.0
2026-08-10 14:08:24,80.10621886549896,86.0
2026-08-10 14:08:25,81.55102040816327,86.0
2026-08-10 14:08:26,86.12709030100335,86.0
2026-08-10 14:08:27,86.49350649350649,86.0
2026-08-10 14:08:28,85.38461538461539,87.0
2026-08-10 14:08:29,89.41790148177813,87.0
2026-08-10 14:08:30,92.07373271889402,88.0
2026-08-10 14:08:31,91.6533047156114,88.0
2026-08-10 14:08:32,87.63157894736841,88.0
2026-08-10 14:08:33,83.25578165150358,88.0
2026-08-10 14:08:34,84.30379746835443,89.0
2026-08-10 14:08:35,86.16070930686445,89.0
2026-08-10 14:08:36,89.19642857142856,89.0
2026-08-10 14:08:37,88.99821428571428,90.0
2026-08-10 14:08:38,83.59832635983264,89.0
2026-08-10 14:08:39,84.66101694915254,89.0
2026-08-10 14:08:40,88.67678318375059,89.0
2026-08-10 14:08:41,96.5217391304348,88.0
2026-08-10 14:08:42,92.5,88.0
2026-08-10 14:08:43,88.42266042649851,87.0
2026-08-10 14:08:44,89.5964125560538,87.0
2026-08-10 14:08:45,88.80000000000001,87.0
2026-08-10 14:08:46,84.6853448275862,88.0
2026-08-10 14:08:47,83.94957983193278,88.0
2026-08-10 14:08:48,80.78299081909367,88.0
2026-08-10 14:08:49,77.14285714285714,88.0
2026-08-10 14:08:50,79.60159362549801,87.0
2026-08-10 14:08:51,84.54589371980677,86.0
2026-08-10 14:08:52,87.24890829694323,85.0
2026-08-10 14:08:53,88.01932929669306,84.0
2026-08-10 14:08:54,88.40707964601769,84.0
2026-08-10 14:08:55,88.63840251819792,83.0
2026-08-10 14:08:56,85.02127659574468,82.0
2026-08-10 14:08:57,92.32626141893624,82.0
2026-08-10 14:08:58,95.14285714285714,81.0
2026-08-10 14:08:59,89.81997817917323,81.0
2026-08-10 14:09:00,79.60159362549801,81.0
2026-08-10 14:09:01,85.38461538461539,82.0
2026-08-10 14:09:02,84.8442064264849,82.0
2026-08-10 14:09:03,77.7431906614786,81.0
2026-08-10 14:09:04,76.55172413793103,81.0
2026-08-10 14:09:05,75.2609102775098,80.0
2026-08-10 14:09:06,82.22222222222223,80.0
2026-08-10 14:09:07,86.12068965517241,80.0
2026-08-10 14:09:08,82.22779236175798,79.0
2026-08-10 14:09:09,82.56198347107438,79.0
2026-08-10 14:09:10,88.61399575171112,79.0
2026-08-10 14:09:11,90.81818181818183,79.0
2026-08-10 14:09:12,87.25057208237986,79.0
2026-08-10 14:09:13,92.93023255813952,80.0
2026-08-10 14:09:14,88.15619654797077,80.0
2026-08-10 14:09:15,80.24096385542168,80.0
2026-08-10 14:09:16,72.3913043478261,81.0
2026-08-10 14:09:17,72.3913043478261,81.0
2026-08-10 14:09:18,71.87050359712231,81.0
2026-08-10 14:09:19,76.62371247630662,82.0
2026-08-10 14:09:20,82.90456431535269,82.0
2026-08-10 14:09:21,84.66709760827408,83.0
2026-08-10 14:09:22,82.56198347107438,83.0
2026-08-10 14:09:23,78.3529411764706,83.0
2026-08-10 14:09:24,79.92,84.0
2026-08-10 14:09:25,79.60159362549801,84.0
2026-08-10 14:09:26,80.89068825910931,84.0
2026-08-10 14:09:27,86.00270300292516,84.0
2026-08-10 14:09:28,90.40723981900453,83.0
2026-08-10 14:09:29,83.85650934431422,83.0
2026-08-10 14:09:30,77.7431906614786,82.0
2026-08-10 14:09:31,83.59832635983264,81.0
2026-08-10 14:09:32,82.27238066188806,80.0
2026-08-10 14:09:33,85.02127659574468,79.0
2026-08-10 14:09:34,88.80175410872312,78.0
2026-08-10 14:09:35,87.24890829694323,78.0
2026-08-10 14:09:36,83.94957983193278,78.0
2026-08-10 14:09:37,87.10885258358661,77.0
2026-08-10 14:09:38,86.12068965517241,77.0
2026-08-10 14:09:39,78.72120619852018,77.0
2026-08-10 14:09:40,73.45588235294117,77.0
2026-08-10 14:09:41,76.55172413793103,77.0
2026-08-10 14:09:42,77.44186046511628,77.0
2026-08-10 14:09:43,75.98715890850721,77.0
2026-08-10 14:09:44,74.8314606741573,77.0
2026-08-10 14:09:45,77.44186046511628,77.0
2026-08-10 14:09:46,80.32387748841563,77.0
2026-08-10 14:09:47,76.55172413793103,78.0
2026-08-10 14:09:48,75.68181818181817,79.0
2026-08-10 14:09:49,75.96958174904942,79.0
2026-08-10 14:09:50,80.07502524888184,79.0
2026-08-10 14:09:51,78.97233201581028,80.0
2026-08-10 14:09:52,76.25954198473282,79.0
2026-08-10 14:09:53,73.59140981115694,79.0
2026-08-10 14:09:54,78.046875,80.0
2026-08-10 14:09:55,79.92,80.0
2026-08-10 14:09:56,77.7431906614786,82.0
2026-08-10 14:09:57,77.91871921182266,83.0
2026-08-10 14:09:58,83.59832635983264,84.0
2026-08-10 14:09:59,86.6913259543709,84.0
2026-08-10 14:10:00,88.01762114537445,84.0
2026-08-10 14:10:01,75.68181818181817,84.0
2026-08-10 14:10:02,76.1609839684015,83.0
2026-08-10 14:10:03,82.90456431535269,81.0
2026-08-10 14:10:04,80.89068825910931,80.0
2026-08-10 14:10:05,80.72760219407078,80.0
2026-08-10 14:10:06,86.86956521739131,82.0
2026-08-10 14:10:07,91.02930798289677,83.0
2026-08-10 14:10:08,87.24890829694323,83.0
2026-08-10 14:10:09,84.30379746835443,84.0
2026-08-10 14:10:10,87.4156015360807,84.0
2026-08-10 14:10:11,90.0,84.0
2026-08-10 14:10:12,78.35294117647058,85.0
2026-08-10 14:10:13,69.375,86.0
2026-08-10 14:10:14,71.35714285714285,86.0
2026-08-10 14:10:15,75.68181818181817,86.0
2026-08-10 14:10:16,87.12871475260317,87.0
2026-08-10 14:10:17,92.5,87.0
2026-08-10 14:10:18,89.41790148177813,88.0
2026-08-10 14:10:19,81.55102040816327,88.0
2026-08-10 14:10:20,81.66121713599358,89.0
2026-08-10 14:10:21,90.81818181818183,89.0
2026-08-10 14:10:22,89.3103448275862,89.0
2026-08-10 14:10:23,84.66101694915254,89.0
2026-08-10 14:10:24,82.90456431535269,88.0
2026-08-10 14:10:25,89.1982062780269,87.0
2026-08-10 14:10:26,88.40707964601769,86.0
2026-08-10 14:10:27,89.19642857142856,85.0
2026-08-10 14:10:28,91.23287671232876,84.0
2026-08-10 14:10:29,95.145014626182,83.0
2026-08-10 14:10:30,92.07373271889402,83.0
2026-08-10 14:10:31,89.59821428571428,82.0
2026-08-10 14:10:32,91.23287671232876,82.0
2026-08-10 14:10:33,86.87613430127041,82.0
2026-08-10 14:10:34,84.30379746835443,82.0
2026-08-10 14:10:35,86.14629794826047,82.0
2026-08-10 14:10:36,82.90456431535269,82.0
2026-08-10 14:10:37,80.56451612903226,83.0
2026-08-10 14:10:38,81.23159303882196,83.0
2026-08-10 14:10:39,84.66101694915254,83.0
2026-08-10 14:10:40,81.07111111111112,83.0
2026-08-10 14:10:41,79.92,83.0
2026-08-10 14:10:42,82.90456431535269,83.0
2026-08-10 14:10:43,82.3921028466483,83.0
2026-08-10 14:10:44,82.90456431535269,82.0
2026-08-10 14:10:45,86.12068965517241,81.0
2026-08-10 14:10:46,83.07728215767634,81.0
2026-08-10 14:10:47,84.30379746835443,81.0
2026-08-10 14:10:48,88.84387351778656,81.0
2026-08-10 14:10:49,92.07373271889402,81.0
2026-08-10 14:10:50,88.46943573667713,81.0
2026-08-10 14:10:51,75.11278195488723,81.0
2026-08-10 14:10:52,76.55172413793103,81.0
2026-08-10 14:10:53,78.10527280223556,82.0
2026-08-10 14:10:54,85.75107296137338,82.0
2026-08-10 14:10:55,80.56451612903226,83.0
2026-08-10 14:10:56,80.08048192771085,83.0
2026-08-10 14:10:57,80.56451612903226,83.0
2026-08-10 14:10:58,82.22222222222223,84.0
2026-08-10 14:10:59,80.5658260572655,84.0
2026-08-10 14:11:00,81.88524590163934,84.0
2026-08-10 14:11:01,85.96768820786141,84.0
2026-08-10 14:11:02,80.24096385542168,84.0
2026-08-10 14:11:03,80.89068825910931,84.0
2026-08-10 14:11:04,83.80960738543624,85.0
2026-08-10 14:11:05,91.23287671232876,85.0
2026-08-10 14:11:06,87.46034482758621,86.0
2026-08-10 14:11:07,82.90456431535269,86.0
2026-08-10 14:11:08,81.21951219512195,87.0
2026-08-10 14:11:09,83.77395309588272,87.0
2026-08-10 14:11:10,85.38461538461539,88.0
2026-08-10 14:11:11,87.06254272043745,88.0
2026-08-10 14:11:12,82.56198347107438,88.0
2026-08-10 14:11:13,82.90456431535269,87.0
2026-08-10 14:11:14,87.12871475260317,87.0
2026-08-10 14:11:15,92.07373271889402,86.0
2026-08-10 14:11:16,94.48128605285517,85.0
2026-08-10 14:11:17,92.07373271889402,85.0
2026-08-10 14:11:18,85.59924406443801,84.0
2026-08-10 14:11:19,85.75107296137338,84.0
2026-08-10 14:11:20,90.0657894736842,84.0
2026-08-10 14:11:21,93.36448598130842,84.0
2026-08-10 14:11:22,89.21243048218949,83.0
2026-08-10 14:11:23,84.66101694915254,83.0
2026-08-10 14:11:24,80.73551020408163,82.0
2026-08-10 14:11:25,79.60159362549801,82.0
2026-08-10 14:11:26,81.21951219512195,81.0
2026-08-10 14:11:27,84.73556525958273,81.0
2026-08-10 14:11:28,90.40723981900453,82.0
2026-08-10 14:11:29,88.41400375939848,82.0
2026-08-10 14:11:30,82.90456431535269,83.0
2026-08-10 14:11:31,82.22222222222223,84.0
2026-08-10 14:11:32,81.23159303882196,83.0
2026-08-10 14:11:33,79.92,83.0
2026-08-10 14:11:34,78.97233201581028,83.0
2026-08-10 14:11:35,82.24450730947098,82.0
2026-08-10 14:11:36,81.88524590163934,82.0
2026-08-10 14:11:37,80.89068825910931,82.0
2026-08-10 14:11:38,79.63319359756098,82.0
2026-08-10 14:11:39,86.62074426421827,83.0
2026-08-10 14:11:40,93.60829493087559,83.0
2026-08-10 14:11:41,94.72598584428715,84.0
2026-08-10 14:11:42,83.94957983193278,85.0
2026-08-10 14:11:43,78.97233201581028,85.0
2026-08-10 14:11:44,76.25954198473282,85.0
2026-08-10 14:11:45,74.83251038042869,85.0
2026-08-10 14:11:46,78.97233201581028,85.0
2026-08-10 14:11:47,89.52546110665597,85.0
2026-08-10 14:11:48,95.59808612440192,84.0
2026-08-10 14:11:49,96.76963129749508,84.0
2026-08-10 14:11:50,90.81818181818183,83.0
2026-08-10 14:11:51,89.4071597325111,83.0
2026-08-10 14:11:52,89.5964125560538,83.0
2026-08-10 14:11:53,88.99821428571428,84.0
2026-08-10 14:11:54,81.88524590163934,85.0
2026-08-10 14:11:55,75.68181818181817,85.0
2026-08-10 14:11:56,75.82788419991357,86.0
2026-08-10 14:11:57,78.97233201581028,87.0
2026-08-10 14:11:58,85.02127659574468,87.0
2026-08-10 14:11:59,91.0482062780269,87.0
2026-08-10 14:12:00,93.36448598130842,87.0
2026-08-10 14:12:01,89.80909090909091,87.0
2026-08-10 14:12:02,92.07373271889402,88.0
2026-08-10 14:12:03,88.02445414847162,88.0
2026-08-10 14:12:04,92.07373271889402,89.0
2026-08-10 14:12:05,96.5217391304348,89.0
2026-08-10 14:12:06,90.12955153677723,90.0
2026-08-10 14:12:07,81.88524590163934,90.0
2026-08-10 14:12:08,84.66101694915254,91.0
2026-08-10 14:12:09,87.73959938366718,91.0
2026-08-10 14:12:10,90.0,91.0
2026-08-10 14:12:11,90.82005826566665,91.0
2026-08-10 14:12:12,94.69194312796209,91.0
2026-08-10 14:12:13,99.2058055295451,91.0
2026-08-10 14:12:14,100.44259189086776,91.0
2026-08-10 14:12:15,95.59808612440192,92.0
2026-08-10 14:12:16,93.18786692759295,92.0
2026-08-10 14:12:17,94.24528301886794,92.0
2026-08-10 14:12:18,88.21578947368421,91.0
2026-08-10 14:12:19,88.40707964601769,90.0
2026-08-10 14:12:20,93.17165963737554,89.0
2026-08-10 14:12:21,92.29080435246425,88.0
2026-08-10 14:12:22,94.24528301886794,87.0
2026-08-10 14:12:23,92.57142857142857,86.0
2026-08-10 14:12:24,85.75107296137338,85.0
2026-08-10 14:12:25,77.7431906614786,84.0
2026-08-10 14:12:26,77.00822837452472,84.0
2026-08-10 14:12:27,78.66141732283464,83.0
2026-08-10 14:12:28,86.49350649350649,83.0
2026-08-10 14:12:29,83.27313142539595,83.0
2026-08-10 14:12:30,81.88524590163934,83.0
2026-08-10 14:12:31,84.51262698526256,82.0
2026-08-10 14:12:32,85.02127659574468,82.0
2026-08-10 14:12:33,82.90456431535269,81.0
2026-08-10 14:12:34,79.31693946029395,81.0
2026-08-10 14:12:35,78.046875,80.0
2026-08-10 14:12:36,82.22222222222223,80.0
2026-08-10 14:12:37,88.03299689440993,79.0
2026-08-10 14:12:38,87.24890829694323,79.0
2026-08-10 14:12:39,83.25,80.0
2026-08-10 14:12:40,82.22222222222223,79.0
2026-08-10 14:12:41,78.66141732283464,79.0
2026-08-10 14:12:42,77.74789915966386,79.0
2026-08-10 14:12:43,79.60159362549801,78.0
2026-08-10 14:12:44,82.22222222222223,78.0
2026-08-10 14:12:45,79.15385339525542,78.0
2026-08-10 14:12:46,75.39622641509433,78.0
2026-08-10 14:12:47,76.84615384615385,78.0
2026-08-10 14:12:48,83.88012673825031,77.0
2026-08-10 14:12:49,88.01762114537445,77.0
2026-08-10 14:12:50,83.59832635983264,77.0
2026-08-10 14:12:51,75.97012987012987,77.0
2026-08-10 14:12:52,69.86013986013985,76.0
2026-08-10 14:12:53,68.659793814433,76.0
2026-08-10 14:12:54,73.7269372693727,75.0
2026-08-10 14:12:55,86.89584751531655,75.0
2026-08-10 14:12:56,85.75107296137338,75.0
2026-08-10 14:12:57,81.21951219512195,75.0
2026-08-10 14:12:58,73.92004267308587,76.0
2026-08-10 14:12:59,71.35714285714285,76.0
2026-08-10 14:13:00,70.85106382978724,76.0
2026-08-10 14:13:01,70.60070671378092,76.0
2026-08-10 14:13:02,73.18681318681318,77.0
2026-08-10 14:13:03,84.87175324675324,77.0
2026-08-10 14:13:04,90.81818181818183,78.0
2026-08-10 14:13:05,91.08224299065421,79.0
2026-08-10 14:13:06,78.66141732283464,80.0
2026-08-10 14:13:07,71.1032028469751,81.0
2026-08-10 14:13:08,76.21410718437573,82.0
2026-08-10 14:13:09,82.22222222222223,82.0
2026-08-10 14:13:10,82.56198347107438,82.0
2026-08-10 14:13:11,77.74789915966386,81.0
2026-08-10 14:13:12,76.84615384615385,80.0
2026-08-10 14:13:13,80.89068825910931,78.0
2026-08-10 14:13:14,87.20825408900723,77.0
2026-08-10 14:13:15,87.24890829694323,76.0
2026-08-10 14:13:16,85.59924406443801,76.0
2026-08-10 14:13:17,83.25,75.0
2026-08-10 14:13:18,85.77635288264884,75.0
2026-08-10 14:13:19,80.89068825910931,74.0
2026-08-10 14:13:20,72.91970802919708,73.0
2026-08-10 14:13:21,72.12996389891697,73.0
2026-08-10 14:13:22,75.85847670095963,72.0
2026-08-10 14:13:23,74.0,72.0
2026-08-10 14:13:24,70.85106382978724,73.0
2026-08-10 14:13:25,70.10526315789473,74.0
2026-08-10 14:13:26,74.0,76.0
2026-08-10 14:13:27,77.06961011215952,77.0
2026-08-10 14:13:28,70.10526315789473,78.0
2026-08-10 14:13:29,71.61290322580645,80.0
2026-08-10 14:13:30,71.1032028469751,79.0
2026-08-10 14:13:31,67.95918367346938,79.0
2026-08-10 14:13:32,71.65801110654051,78.0
2026-08-10 14:13:33,78.97233201581028,77.0
2026-08-10 14:13:34,89.19642857142856,78.0
2026-08-10 14:13:35,92.93023255813952,79.0
2026-08-10 14:13:36,87.24890829694323,79.0
2026-08-10 14:13:37,84.66101694915254,79.0
2026-08-10 14:13:38,85.75107296137338,79.0
2026-08-10 14:13:39,80.8220786846741,79.0
2026-08-10 14:13:40,69.61672473867596,79.0
2026-08-10 14:13:41,66.15894039735099,79.0
2026-08-10 14:13:42,67.27272727272728,79.0
2026-08-10 14:13:43,70.10526315789473,79.0
2026-08-10 14:13:44,76.25954198473282,79.0
2026-08-10 14:13:45,81.56324980005331,79.0
2026-08-10 14:13:46,85.38461538461539,78.0
2026-08-10 14:13:47,90.84821428571428,78.0
2026-08-10 14:13:48,87.24890829694323,78.0
2026-08-10 14:13:49,77.14285714285714,78.0
2026-08-10 14:13:50,70.25472747497219,78.0
2026-08-10 14:13:51,68.42465753424658,78.0
2026-08-10 14:13:52,71.35714285714285,78.0
2026-08-10 14:13:53,78.046875,78.0
2026-08-10 14:13:54,79.61296672593345,77.0
2026-08-10 14:13:55,75.96958174904942,76.0
2026-08-10 14:13:56,74.0,75.0
2026-08-10 14:13:57,77.44186046511628,74.0
2026-08-10 14:13:58,86.5080971659919,75.0
2026-08-10 14:13:59,84.66101694915254,76.0
2026-08-10 14:14:00,76.23626373626374,77.0
2026-08-10 14:14:01,73.18681318681318,78.0
2026-08-10 14:14:02,70.85106382978724,79.0
2026-08-10 14:14:03,70.10526315789473,80.0
2026-08-10 14:14:04,71.87050359712231,80.0
2026-08-10 14:14:05,77.5583774675012,81.0
2026-08-10 14:14:06,87.63157894736841,80.0
2026-08-10 14:14:07,89.80909090909091,80.0
2026-08-10 14:14:08,87.63157894736841,79.0
2026-08-10 14:14:09,86.48461164503945,79.0
2026-08-10 14:14:10,90.81818181818183,79.0
2026-08-10 14:14:11,91.65137614678899,79.0
2026-08-10 14:14:12,80.1045609083328,79.0
2026-08-10 14:14:13,66.60000000000001,80.0
2026-08-10 14:14:14,67.0469798657718,80.0
2026-08-10 14:14:15,66.37873754152824,80.0
2026-08-10 14:14:16,79.28571428571428,80.0
2026-08-10 14:14:17,78.50717924965261,80.0
2026-08-10 14:14:18,76.25954198473282,79.0
2026-08-10 14:14:19,77.14285714285714,79.0
2026-08-10 14:14:20,87.4502930697621,80.0
2026-08-10 14:14:21,88.80000000000001,81.0
2026-08-10 14:14:22,81.50697906281157,80.0
2026-08-10 14:14:23,77.14285714285714,79.0
2026-08-10 14:14:24,83.59832635983264,79.0
2026-08-10 14:14:25,75.82788419991357,78.0
2026-08-10 14:14:26,75.96958174904942,77.0
2026-08-10 14:14:27,78.046875,77.0
2026-08-10 14:14:28,92.53173241852488,77.0
2026-08-10 14:14:29,98.42364532019704,77.0
2026-08-10 14:14:30,99.49163879598663,77.0
2026-08-10 14:14:31,76.25954198473282,77.0
2026-08-10 14:14:32,74.55223880597015,76.0
2026-08-10 14:14:33,70.11907547193044,76.0
2026-08-10 14:14:34,67.5,75.0
2026-08-10 14:14:35,68.659793814433,74.0
2026-08-10 14:14:36,77.44186046511628,74.0
2026-08-10 14:14:37,84.50053648068669,74.0
2026-08-10 14:14:38,80.24096385542168,75.0
2026-08-10 14:14:39,74.55223880597015,75.0
2026-08-10 14:14:40,71.87050359712231,76.0
2026-08-10 14:14:41,71.61290322580645,77.0
2026-08-10 14:14:42,74.0,78.0
2026-08-10 14:14:43,74.0,79.0
2026-08-10 14:14:44,73.7269372693727,80.0
2026-08-10 14:14:45,75.69159240604417,81.0
2026-08-10 14:14:46,78.046875,81.0
2026-08-10 14:14:47,80.24096385542168,81.0
2026-08-10 14:14:48,77.7431906614786,82.0
2026-08-10 14:14:49,79.34693877551021,83.0
2026-08-10 14:14:50,84.30379746835443,83.0
2026-08-10 14:14:51,81.7755867287154,84.0
2026-08-10 14:14:52,82.56198347107438,83.0
2026-08-10 14:14:53,87.24890829694323,83.0
2026-08-10 14:14:54,94.29773592466441,82.0
2026-08-10 14:14:55,96.99943438914028,82.0
2026-08-10 14:14:56,96.99029126213591,81.0
2026-08-10 14:14:57,97.94352997717169,81.0
2026-08-10 14:14:58,96.29418869326892,80.0
2026-08-10 14:14:59,82.22222222222223,80.0
2026-08-10 14:15:00,74.27509293680298,80.0
2026-08-10 14:15:01,73.45588235294117,81.0
2026-08-10 14:15:02,70.85106382978724,81.0
2026-08-10 14:15:03,72.00210378681626,82.0
2026-08-10 14:15:04,74.27509293680298,82.0
2026-08-10 14:15:05,77.44186046511628,82.0
2026-08-10 14:15:06,84.73556525958273,81.0
2026-08-10 14:15:07,90.40723981900453,80.0
2026-08-10 14:15:08,87.67374275871359,79.0
2026-08-10 14:15:09,85.02127659574468,78.0
2026-08-10 14:15:10,84.87175324675324,77.0
2026-08-10 14:15:11,83.25,76.0
2026-08-10 14:15:12,83.25,77.0
2026-08-10 14:15:13,84.85950800750253,78.0
2026-08-10 14:15:14,78.66141732283464,80.0
2026-08-10 14:15:15,72.12996389891697,80.0
2026-08-10 14:15:16,74.8314606741573,81.0
2026-08-10 14:15:17,70.49395161290323,82.0
2026-08-10 14:15:18,78.97233201581028,83.0
2026-08-10 14:15:19,76.25954198473282,84.0
2026-08-10 14:15:20,83.0776397515528,85.0
2026-08-10 14:15:21,86.86956521739131,86.0
2026-08-10 14:15:22,83.94957983193278,87.0
2026-08-10 14:15:23,85.20604495526297,88.0
2026-08-10 14:15:24,82.22222222222223,89.0
2026-08-10 14:15:25,86.92872276029055,90.0
2026-08-10 14:15:26,89.5964125560538,92.0
2026-08-10 14:15:27,94.04904306220095,93.0
2026-08-10 14:15:28,94.24528301886794,94.0
2026-08-10 14:15:29,95.3748177178272,95.0
2026-08-10 14:15:30,97.52142857142857,96.0
2026-08-10 14:15:31,101.42131979695431,96.0
2026-08-10 14:15:32,102.73104578619012,95.0
2026-08-10 14:15:33,100.67088029241546,95.0
2026-08-10 14:15:34,101.93877551020408,94.0
2026-08-10 14:15:35,104.0625,93.0
2026-08-10 14:15:36,100.46543359611887,93.0
2026-08-10 14:15:37,95.14285714285714,92.0
2026-08-10 14:15:38,91.02930798289677,91.0
2026-08-10 14:15:39,96.0576923076923,90.0
2026-08-10 14:15:40,95.63311576777738,90.0
2026-08-10 14:15:41,86.86956521739131,89.0
2026-08-10 14:15:42,91.036866359447,88.0
2026-08-10 14:15:43,93.39711664482306,88.0
2026-08-10 14:15:44,98.42364532019704,87.0
2026-08-10 14:15:45,91.08224299065421,86.0
2026-08-10 14:15:46,88.01762114537445,84.0
2026-08-10 14:15:47,84.66101694915254,83.0
2026-08-10 14:15:48,78.84141216026899,82.0
2026-08-10 14:15:49,76.84615384615385,81.0
2026-08-10 14:15:50,78.97233201581028,81.0
2026-08-10 14:15:51,76.85638620526402,81.0
2026-08-10 14:15:52,78.046875,81.0
2026-08-10 14:15:53,75.68181818181817,81.0
2026-08-10 14:15:54,76.84615384615385,82.0
2026-08-10 14:15:55,77.89740082079344,82.0
2026-08-10 14:15:56,83.59832635983264,82.0
2026-08-10 14:15:57,81.72633586509184,82.0
2026-08-10 14:15:58,87.63157894736841,81.0
2026-08-10 14:15:59,85.02127659574468,80.0
2026-08-10 14:16:00,81.44202032277346,79.0
2026-08-10 14:16:01,86.12068965517241,78.0
2026-08-10 14:16:02,88.02445414847162,77.0
2026-08-10 14:16:03,84.66101694915254,77.0
2026-08-10 14:16:04,77.14285714285714,77.0
2026-08-10 14:16:05,77.29929956896552,77.0
2026-08-10 14:16:06,72.65454545454546,78.0
2026-08-10 14:16:07,71.35714285714285,79.0
2026-08-10 14:16:08,73.45588235294117,79.0
2026-08-10 14:16:09,77.14745739970482,79.0
2026-08-10 14:16:10,79.60159362549801,78.0
2026-08-10 14:16:11,82.22222222222223,77.0
2026-08-10 14:16:12,88.80701685071412,77.0
2026-08-10 14:16:13,86.12068965517241,77.0
2026-08-10 14:16:14,80.56451612903226,78.0
2026-08-10 14:16:15,74.1947529418249,78.0
2026-08-10 14:16:16,75.39622641509433,78.0
2026-08-10 14:16:17,74.55223880597015,77.0
2026-08-10 14:16:18,73.7269372693727,78.0
2026-08-10 14:16:19,79.53418803418805,79.0
2026-08-10 14:16:20,81.55102040816327,79.0
2026-08-10 14:16:21,82.05373406193078,80.0
2026-08-10 14:16:22,88.01762114537445,80.0
2026-08-10 14:16:23,89.19642857142856,81.0
2026-08-10 14:16:24,85.56784417299438,81.0
2026-08-10 14:16:25,80.56451612903226,82.0
2026-08-10 14:16:26,81.0817885482862,83.0
2026-08-10 14:16:27,78.66141732283464,84.0
2026-08-10 14:16:28,80.56451612903226,85.0
2026-08-10 14:16:29,80.24096385542168,85.0
2026-08-10 14:16:30,81.88524590163934,86.0
2026-08-10 14:16:31,88.40707964601769,87.0
2026-08-10 14:16:32,90.81818181818183,87.0
2026-08-10 14:16:33,91.23287671232876,87.0
2026-08-10 14:16:34,89.5964125560538,87.0
2026-08-10 14:16:35,90.40723981900453,86.0
2026-08-10 14:16:36,90.4090909090909,86.0
2026-08-10 14:16:37,90.81818181818183,85.0
2026-08-10 14:16:38,89.47164896814266,85.0
2026-08-10 14:16:39,88.01762114537445,84.0
2026-08-10 14:16:40,86.73050847457628,85.0
2026-08-10 14:16:41,83.59832635983264,86.0
2026-08-10 14:16:42,83.83585503166785,87.0
2026-08-10 14:16:43,82.90456431535269,87.0
2026-08-10 14:16:44,91.23382567089661,89.0
2026-08-10 14:16:45,102.9896907216495,90.0
2026-08-10 14:16:46,97.22685294814113,90.0
2026-08-10 14:16:47,99.38829787234042,91.0
2026-08-10 14:16:48,101.93877551020408,92.0
2026-08-10 14:16:49,101.6800476535792,92.0
2026-08-10 14:16:50,98.66726820465297,93.0
2026-08-10 14:16:51,99.89999999999999,94.0
2026-08-10 14:16:52,101.42131979695431,95.0
2026-08-10 14:16:53,102.47231792956524,96.0
2026-08-10 14:16:54,103.52331606217615,98.0
2026-08-10 14:16:55,106.00140726146918,99.0
2026-08-10 14:16:56,110.09016393442622,101.0
2026-08-10 14:16:57,112.88135593220339,103.0
2026-08-10 14:16:58,116.16279069767442,108.0
2026-08-10 14:16:59,117.1857585139319,111.0
2026-08-10 14:17:00,108.0,113.0
2026-08-10 14:17:01,121.0909090909091,114.0
2026-08-10 14:17:02,122.20297770462366,114.0
2026-08-10 14:17:03,122.95501022494886,114.0
2026-08-10 14:17:04,122.95501022494886,113.0
2026-08-10 14:17:05,124.21428571428571,113.0
2026-08-10 14:17:06,118.22899159663866,112.0
2026-08-10 14:17:07,116.50244798041618,111.0
2026-08-10 14:17:08,115.15945784333267,111.0
2026-08-10 14:17:09,113.84707792207791,111.0
2026-08-10 14:17:10,114.49950738916255,111.0
2026-08-10 14:17:11,112.24719101123594,111.0
2026-08-10 14:17:12,108.29984135378106,110.0
2026-08-10 14:17:13,105.7261248145141,110.0
2026-08-10 14:17:14,109.18032786885244,110.0
2026-08-10 14:17:15,112.67941342732684,110.0
2026-08-10 14:17:16,116.17849898580121,110.0
2026-08-10 14:17:17,115.83484573502724,110.0
2026-08-10 14:17:18,116.16279069767442,109.0
2026-08-10 14:17:19,111.6758782201405,108.0
2026-08-10 14:17:20,105.71428571428572,108.0
2026-08-10 14:17:21,108.0,107.0
2026-08-10 14:17:22,109.18032786885244,107.0
2026-08-10 14:17:23,109.48027382453611,106.0
2026-08-10 14:17:24,109.78021978021978,106.0
2026-08-10 14:17:25,104.1019325502084,106.0
2026-08-10 14:17:26,98.42364532019704,105.0
2026-08-10 14:17:27,106.84491978609626,105.0
2026-08-10 14:17:28,106.84491978609626,105.0
2026-08-10 14:17:29,106.84491978609626,104.0
2026-08-10 14:17:30,104.88261228988702,104.0
2026-08-10 14:17:31,104.81379167814825,104.0
2026-08-10 14:17:32,104.74497106640948,103.0
2026-08-10 14:17:33,104.67615045467072,103.0
2026-08-10 14:17:34,104.60732984293195,103.0
2026-08-10 14:17:35,104.88406881077039,103.0
2026-08-10 14:17:36,105.16080777860884,103.0
2026-08-10 14:17:37,105.43754674644728,104.0
2026-08-10 14:17:38,105.71428571428572,104.0
2026-08-10 14:17:39,104.88839285714286,104.0
2026-08-10 14:17:40,104.0625,104.0
2026-08-10 14:17:41,105.16080777860884,104.0
2026-08-10 14:17:42,108.0,104.0
2026-08-10 14:17:43,102.49514563106796,104.0
2026-08-10 14:17:44,96.99029126213591,103.0
2026-08-10 14:17:45,92.5178468068686,102.0
2026-08-10 14:17:46,97.46341463414633,102.0
2026-08-10 14:17:47,96.5239917849141,101.0
2026-08-10 14:17:48,97.46341463414633,101.0
2026-08-10 14:17:49,101.43177425589487,101.0
2026-08-10 14:17:50,102.2055052593019,101.0
2026-08-10 14:17:51,103.25650339191282,102.0
2026-08-10 14:17:52,102.46153846153847,102.0
2026-08-10 14:17:53,100.15100502512563,103.0
2026-08-10 14:17:54,98.42603377984858,104.0
2026-08-10 14:17:55,98.9108910891089,104.0
2026-08-10 14:17:56,102.74190989847716,105.0
2026-08-10 14:17:57,108.58695652173913,105.0
2026-08-10 14:17:58,108.01262382747436,106.0
2026-08-10 14:17:59,108.58695652173913,107.0
2026-08-10 14:18:00,106.03125,107.0
2026-08-10 14:18:01,105.16954787234042,107.0
2026-08-10 14:18:02,107.13213731240297,107.0
2026-08-10 14:18:03,108.0,107.0
2026-08-10 14:18:04,109.78021978021978,106.0
2026-08-10 14:18:05,111.9406779661017,105.0
2026-08-10 14:18:06,112.93903490563025,105.0
2026-08-10 14:18:07,104.61880088823094,105.0
2026-08-10 14:18:08,105.15789473684211,104.0
2026-08-10 14:18:09,102.46153846153847,104.0
2026-08-10 14:18:10,100.41215243579057,103.0
2026-08-10 14:18:11,95.59808612440192,103.0
2026-08-10 14:18:12,97.70696829116648,103.0
2026-08-10 14:18:13,103.00063775510205,102.0
2026-08-10 14:18:14,108.61583005879399,102.0
2026-08-10 14:18:15,106.84491978609626,102.0
2026-08-10 14:18:16,100.40201005025126,101.0
2026-08-10 14:18:17,99.92248255857567,100.0
2026-08-10 14:18:18,98.42364532019704,99.0
2026-08-10 14:18:19,101.21710357564253,98.0
2026-08-10 14:18:20,105.4419627938064,97.0
2026-08-10 14:18:21,102.74190989847716,96.0
2026-08-10 14:18:22,101.93877551020408,95.0
2026-08-10 14:18:23,97.25448860675542,94.0
2026-08-10 14:18:24,91.65137614678899,92.0
2026-08-10 14:18:25,94.24738001468526,91.0
2026-08-10 14:18:26,91.23287671232876,91.0
2026-08-10 14:18:27,85.20294599018004,90.0
2026-08-10 14:18:28,88.80000000000001,90.0
2026-08-10 14:18:29,83.1060186786579,90.0
2026-08-10 14:18:30,83.25,90.0
2026-08-10 14:18:31,88.80701685071412,90.0
2026-08-10 14:18:32,91.23287671232876,90.0
2026-08-10 14:18:33,93.36652472977399,89.0
2026-08-10 14:18:34,92.5,89.0
2026-08-10 14:18:35,92.08155463523414,88.0
2026-08-10 14:18:36,90.81818181818183,87.0
2026-08-10 14:18:37,91.23477898248541,86.0
2026-08-10 14:18:38,87.63157894736841,85.0
2026-08-10 14:18:39,85.02281616688396,84.0
2026-08-10 14:18:40,88.40707964601769,85.0
2026-08-10 14:18:41,83.59832635983264,85.0
2026-08-10 14:18:42,83.59832635983264,86.0
2026-08-10 14:18:43,83.59832635983264,86.0
2026-08-10 14:18:44,83.59832635983264,86.0
2026-08-10 14:18:45,83.59832635983264,87.0
2026-08-10 14:18:46,,87.0
2026-08-10 14:18:47,,87.0
2026-08-10 14:18:48,,87.0
2026-08-10 14:18:49,,87.0
2026-08-10 14:18:50,83.59832635983264,87.0
2026-08-10 14:18:51,82.67611647169328,88.0
2026-08-10 14:18:52,81.75390658355393,88.0
2026-08-10 14:18:53,80.83169669541456,88.0
2026-08-10 14:18:54,,89.0
2026-08-10 14:18:55,,90.0
2026-08-10 14:18:56,,90.0
2026-08-10 14:18:57,77.14285714285714,90.0
2026-08-10 14:18:58,85.40816326530611,91.0
2026-08-10 14:18:59,93.67346938775509,91.0
2026-08-10 14:19:00,101.93877551020408,91.0
2026-08-10 14:19:01,,90.0
2026-08-10 14:19:02,,90.0
2026-08-10 14:19:03,,89.0
2026-08-10 14:19:04,135.0,88.0
2026-08-10 14:19:05,116.62511969358442,87.0
2026-08-10 14:19:06,98.25023938716885,88.0
2026-08-10 14:19:07,79.87535908075327,88.0
2026-08-10 14:19:08,77.44186046511628,89.0
2026-08-10 14:19:09,77.44186046511628,89.0
2026-08-10 14:19:10,87.91739843674611,89.0
2026-08-10 14:19:11,100.41215243579057,89.0
2026-08-10 14:19:12,102.46153846153847,89.0
2026-08-10 14:19:13,92.31093510475216,89.0
2026-08-10 14:19:14,83.25,89.0
2026-08-10 14:19:15,95.41395030772738,88.0
2026-08-10 14:19:16,86.13005207694061,89.0
2026-08-10 14:19:17,76.84615384615385,89.0
2026-08-10 14:19:18,76.55172413793103,89.0
2026-08-10 14:19:19,81.21951219512195,89.0
2026-08-10 14:19:20,86.12068965517241,90.0
2026-08-10 14:19:21,88.01932929669306,90.0
2026-08-10 14:19:22,91.23287671232876,91.0
2026-08-10 14:19:23,95.07188390071883,92.0
2026-08-10 14:19:24,103.27305267656801,91.0
2026-08-10 14:19:25,106.00140726146918,91.0
2026-08-10 14:19:26,100.40201005025126,90.0
2026-08-10 14:19:27,98.4331998543866,89.0
2026-08-10 14:19:28,96.5217391304348,89.0
2026-08-10 14:19:29,87.87553648068669,88.0
2026-08-10 14:19:30,80.56451612903226,87.0
2026-08-10 14:19:31,82.22361468635685,86.0
2026-08-10 14:19:32,85.75107296137338,85.0
2026-08-10 14:19:33,85.02127659574468,85.0
2026-08-10 14:19:34,82.57467338399795,85.0
2026-08-10 14:19:35,79.60159362549801,85.0
2026-08-10 14:19:36,81.55102040816327,85.0
2026-08-10 14:19:37,85.4407894736842,85.0
2026-08-10 14:19:38,86.86956521739131,85.0
2026-08-10 14:19:39,90.43686635944701,84.0
2026-08-10 14:19:40,91.65137614678899,84.0
2026-08-10 14:19:41,85.76529108327193,83.0
2026-08-10 14:19:42,84.30379746835443,83.0
2026-08-10 14:19:43,84.66253703204956,83.0
2026-08-10 14:19:44,78.046875,82.0
2026-08-10 14:19:45,77.44186046511628,82.0
2026-08-10 14:19:46,82.56198347107438,81.0
2026-08-10 14:19:47,84.30379746835443,81.0
2026-08-10 14:19:48,84.30379746835443,80.0
2026-08-10 14:19:49,85.02281616688396,80.0
2026-08-10 14:19:50,77.44186046511628,79.0
2026-08-10 14:19:51,74.55223880597015,79.0
2026-08-10 14:19:52,79.05137227304715,78.0
2026-08-10 14:19:53,74.27509293680298,78.0
2026-08-10 14:19:54,74.55223880597015,78.0
2026-08-10 14:19:55,78.67239214348831,77.0
2026-08-10 14:19:56,77.44186046511628,77.0
2026-08-10 14:19:57,77.7431906614786,77.0
2026-08-10 14:19:58,81.21951219512195,77.0
2026-08-10 14:19:59,78.19124054116028,77.0
2026-08-10 14:20:00,72.91970802919708,78.0
2026-08-10 14:20:01,75.68181818181817,79.0
2026-08-10 14:20:02,77.51639097744362,79.0
2026-08-10 14:20:03,76.55172413793103,78.0
2026-08-10 14:20:04,81.88524590163934,79.0
2026-08-10 14:20:05,81.05510022711563,80.0
2026-08-10 14:20:06,83.59832635983264,81.0
2026-08-10 14:20:07,84.30379746835443,81.0
2026-08-10 14:20:08,90.43686635944701,82.0
2026-08-10 14:20:09,90.81818181818183,83.0
2026-08-10 14:20:10,93.80488450008818,83.0
2026-08-10 14:20:11,92.9322429906542,83.0
2026-08-10 14:20:12,87.63157894736841,83.0
2026-08-10 14:20:13,80.56451612903226,83.0
2026-08-10 14:20:14,82.17847370021283,82.0
2026-08-10 14:20:15,79.60159362549801,82.0
2026-08-10 14:20:16,77.7431906614786,83.0
2026-08-10 14:20:17,83.39478260869566,83.0
2026-08-10 14:20:18,87.63157894736841,84.0
2026-08-10 14:20:19,83.94957983193278,84.0
2026-08-10 14:20:20,78.66141732283464,85.0
2026-08-10 14:20:21,79.60159362549801,85.0
2026-08-10 14:20:22,88.65584415584416,85.0
2026-08-10 14:20:23,94.24528301886794,86.0
2026-08-10 14:20:24,90.45353982300884,85.0
2026-08-10 14:20:25,82.90456431535269,84.0
2026-08-10 14:20:26,85.38461538461539,83.0
2026-08-10 14:20:27,68.61490068565774,82.0
2026-08-10 14:20:28,71.61290322580645,81.0
2026-08-10 14:20:29,74.27509293680298,81.0
2026-08-10 14:20:30,76.25954198473282,81.0
2026-08-10 14:20:31,75.83225304640914,80.0
2026-08-10 14:20:32,79.92,80.0
2026-08-10 14:20:33,83.94957983193278,79.0
2026-08-10 14:20:34,82.74178613073599,78.0
2026-08-10 14:20:35,78.97233201581028,77.0
2026-08-10 14:20:36,76.84615384615385,76.0
2026-08-10 14:20:37,77.60657073038283,75.0
2026-08-10 14:20:38,78.046875,75.0
2026-08-10 14:20:39,75.96958174904942,74.0
2026-08-10 14:20:40,70.35211267605634,74.0
2026-08-10 14:20:41,69.61672473867596,73.0
2026-08-10 14:20:42,73.74300306435137,73.0
2026-08-10 14:20:43,74.8314606741573,73.0
2026-08-10 14:20:44,74.0,73.0
2026-08-10 14:20:45,70.85106382978724,74.0
2026-08-10 14:20:46,73.20252841785998,74.0
2026-08-10 14:20:47,73.18681318681318,74.0
2026-08-10 14:20:48,72.3913043478261,74.0
2026-08-10 14:20:49,74.27509293680298,73.0
2026-08-10 14:20:50,77.65811320754716,73.0
2026-08-10 14:20:51,73.7269372693727,73.0
2026-08-10 14:20:52,72.91970802919708,73.0
2026-08-10 14:20:53,75.39622641509433,72.0
2026-08-10 14:20:54,73.7269372693727,72.0
2026-08-10 14:20:55,71.23017285205897,73.0
2026-08-10 14:20:56,71.35714285714285,73.0
2026-08-10 14:20:57,73.18681318681318,73.0
2026-08-10 14:20:58,71.87050359712231,73.0
2026-08-10 14:20:59,70.60070671378092,74.0
2026-08-10 14:21:00,75.16483516483515,74.0
2026-08-10 14:21:01,73.7269372693727,74.0
2026-08-10 14:21:02,72.91970802919708,75.0
2026-08-10 14:21:03,77.44186046511628,76.0
2026-08-10 14:21:04,74.84825950921106,77.0
2026-08-10 14:21:05,74.8314606741573,77.0
2026-08-10 14:21:06,77.44186046511628,78.0
2026-08-10 14:21:07,76.25954198473282,78.0
2026-08-10 14:21:08,79.58205315004275,77.0
2026-08-10 14:21:09,81.88524590163934,76.0
2026-08-10 14:21:10,79.45119058912816,75.0
2026-08-10 14:21:11,79.60159362549801,74.0
2026-08-10 14:21:12,78.66141732283464,74.0
2026-08-10 14:21:13,74.0,73.0
2026-08-10 14:21:14,74.1375464684015,73.0
2026-08-10 14:21:15,71.61290322580645,73.0
2026-08-10 14:21:16,69.86013986013985,73.0
2026-08-10 14:21:17,73.7269372693727,73.0
2026-08-10 14:21:18,72.91970802919708,74.0
2026-08-10 14:21:19,72.79292312592906,74.0
2026-08-10 14:21:20,75.96958174904942,74.0
2026-08-10 14:21:21,75.96958174904942,74.0
2026-08-10 14:21:22,74.55223880597015,73.0
2026-08-10 14:21:23,74.723177585773,73.0
2026-08-10 14:21:24,76.25954198473282,73.0
2026-08-10 14:21:25,71.61290322580645,72.0
2026-08-10 14:21:26,70.85106382978724,73.0
2026-08-10 14:21:27,73.89376538146021,73.0
2026-08-10 14:21:28,71.61290322580645,73.0
2026-08-10 14:21:29,70.35211267605634,74.0
2026-08-10 14:21:30,75.68181818181817,74.0
2026-08-10 14:21:31,74.55223880597015,74.0
2026-08-10 14:21:32,74.8409090909091,74.0
2026-08-10 14:21:33,77.7431906614786,74.0
2026-08-10 14:21:34,73.7269372693727,74.0
2026-08-10 14:21:35,73.18681318681318,74.0
2026-08-10 14:21:36,74.14979757085021,74.0
2026-08-10 14:21:37,71.87050359712231,74.0
2026-08-10 14:21:38,75.11278195488723,74.0
2026-08-10 14:21:39,75.68181818181817,75.0
2026-08-10 14:21:40,73.73095306180808,76.0
2026-08-10 14:21:41,76.55172413793103,77.0
2026-08-10 14:21:42,75.39622641509433,78.0
2026-08-10 14:21:43,75.11278195488723,79.0
2026-08-10 14:21:44,78.35294117647058,79.0
2026-08-10 14:21:45,88.40707964601769,79.0
2026-08-10 14:21:46,87.25057208237986,78.0
2026-08-10 14:21:47,82.56198347107438,77.0
2026-08-10 14:21:48,78.97233201581028,77.0
2026-08-10 14:21:49,79.07239394318609,76.0
2026-08-10 14:21:50,74.27509293680298,76.0
2026-08-10 14:21:51,74.8314606741573,75.0
2026-08-10 14:21:52,77.7431906614786,75.0
2026-08-10 14:21:53,73.6033921302578,75.0
2026-08-10 14:21:54,76.84615384615385,76.0
2026-08-10 14:21:55,75.68181818181817,76.0
2026-08-10 14:21:56,74.27509293680298,78.0
2026-08-10 14:21:57,77.32707509881422,79.0
2026-08-10 14:21:58,75.68181818181817,81.0
2026-08-10 14:21:59,77.14285714285714,82.0
2026-08-10 14:22:00,84.02226345083488,83.0
2026-08-10 14:22:01,86.49350649350649,84.0
2026-08-10 14:22:02,92.12264150943398,83.0
2026-08-10 14:22:03,98.42364532019704,82.0
2026-08-10 14:22:04,102.46423311592679,81.0
2026-08-10 14:22:05,95.59808612440192,80.0
2026-08-10 14:22:06,74.97845555931058,79.0
2026-08-10 14:22:07,74.55223880597015,79.0
2026-08-10 14:22:08,72.91970802919708,79.0
2026-08-10 14:22:09,70.35211267605634,80.0
2026-08-10 14:22:10,76.12391555812607,81.0
2026-08-10 14:22:11,81.21951219512195,81.0
2026-08-10 14:22:12,83.25,81.0
2026-08-10 14:22:13,83.28614850195397,81.0
2026-08-10 14:22:14,86.49350649350649,81.0
2026-08-10 14:22:15,83.0801549154535,80.0
2026-08-10 14:22:16,81.21951219512195,80.0
2026-08-10 14:22:17,80.24096385542168,79.0
2026-08-10 14:22:18,80.89068825910931,79.0
2026-08-10 14:22:19,77.44651442307693,80.0
2026-08-10 14:22:20,83.25,80.0
2026-08-10 14:22:21,79.92,80.0
2026-08-10 14:22:22,78.97233201581028,81.0
2026-08-10 14:22:23,83.94957983193278,81.0
2026-08-10 14:22:24,80.73551020408163,82.0
2026-08-10 14:22:25,83.59832635983264,83.0
2026-08-10 14:22:26,81.88524590163934,85.0
2026-08-10 14:22:27,84.39996435255324,86.0
2026-08-10 14:22:28,81.21951219512195,87.0
2026-08-10 14:22:29,88.8860329009807,87.0
2026-08-10 14:22:30,93.80281690140845,87.0
2026-08-10 14:22:31,96.28971571906355,87.0
2026-08-10 14:22:32,90.40723981900453,86.0
2026-08-10 14:22:33,86.4232062780269,86.0
2026-08-10 14:22:34,86.49350649350649,86.0
2026-08-10 14:22:35,85.93906093906094,86.0
2026-08-10 14:22:36,88.01762114537445,85.0
2026-08-10 14:22:37,88.62445414847161,84.0
2026-08-10 14:22:38,85.02127659574468,83.0
2026-08-10 14:22:39,81.55102040816327,83.0
2026-08-10 14:22:40,84.48240720875349,83.0
2026-08-10 14:22:41,79.60159362549801,83.0
2026-08-10 14:22:42,77.44186046511628,82.0
2026-08-10 14:22:43,85.02281616688396,82.0
2026-08-10 14:22:44,83.94957983193278,83.0
2026-08-10 14:22:45,83.50568895714086,83.0
2026-08-10 14:22:46,81.21951219512195,84.0
2026-08-10 14:22:47,78.3529411764706,86.0
2026-08-10 14:22:48,86.12068965517241,87.0
2026-08-10 14:22:49,90.71379310344827,88.0
2026-08-10 14:22:50,95.30689655172414,89.0
2026-08-10 14:22:51,99.89999999999999,90.0
2026-08-10 14:22:52,100.40201005025126,92.0
2026-08-10 14:22:53,97.94117647058825,93.0
2026-08-10 14:22:54,100.15100502512563,95.0
2026-08-10 14:22:55,101.42131979695431,96.0
2026-08-10 14:22:56,101.94939081537021,96.0
2026-08-10 14:22:57,99.68124813377128,97.0
2026-08-10 14:22:58,99.89999999999999,98.0
2026-08-10 14:22:59,106.27960275019099,98.0
2026-08-10 14:23:00,107.71593815391769,99.0
2026-08-10 14:23:01,111.62011173184356,100.0
2026-08-10 14:23:02,107.43177613320998,101.0
2026-08-10 14:23:03,106.84491978609626,103.0
2026-08-10 14:23:04,110.400219800348,102.0
2026-08-10 14:23:05,113.20204160246534,101.0
2026-08-10 14:23:06,110.09016393442622,100.0
2026-08-10 14:23:07,98.42364532019704,99.0
2026-08-10 14:23:08,84.52774498229044,97.0
2026-08-10 14:23:09,80.24096385542168,96.0
2026-08-10 14:23:10,83.22128320110383,94.0
2026-08-10 14:23:11,87.24890829694323,93.0
2026-08-10 14:23:12,86.12068965517241,91.0
2026-08-10 14:23:13,84.85032639665309,90.0
2026-08-10 14:23:14,84.66101694915254,89.0
2026-08-10 14:23:15,87.82799397148045,88.0
2026-08-10 14:23:16,88.40707964601769,89.0
2026-08-10 14:23:17,88.41400375939848,89.0
2026-08-10 14:23:18,92.93023255813952,90.0
2026-08-10 14:23:19,90.00730519480518,90.0
2026-08-10 14:23:20,85.02127659574468,91.0
2026-08-10 14:23:21,84.66101694915254,91.0
2026-08-10 14:23:22,81.7181331549013,92.0
2026-08-10 14:23:23,80.24096385542168,92.0
2026-08-10 14:23:24,81.55645524066577,92.0
2026-08-10 14:23:25,88.01762114537445,91.0
2026-08-10 14:23:26,90.61643835616438,90.0
2026-08-10 14:23:27,92.5,90.0
2026-08-10 14:23:28,92.09133389974512,89.0
2026-08-10 14:23:29,95.59808612440192,88.0
2026-08-10 14:23:30,89.47164896814266,88.0
2026-08-10 14:23:31,70.85106382978724,87.0
2026-08-10 14:23:32,76.55172413793103,87.0
2026-08-10 14:23:33,83.44161958568739,87.0
2026-08-10 14:23:34,89.19642857142856,86.0
2026-08-10 14:23:35,91.44595726853792,86.0
2026-08-10 14:23:36,94.24528301886794,85.0
2026-08-10 14:23:37,85.81337600706324,84.0
2026-08-10 14:23:38,76.84615384615385,83.0
2026-08-10 14:23:39,73.7269372693727,82.0
2026-08-10 14:23:40,81.88524590163934,81.0
2026-08-10 14:23:41,80.57630701683064,81.0
2026-08-10 14:23:42,82.90456431535269,80.0
2026-08-10 14:23:43,83.26300984528834,79.0
2026-08-10 14:23:44,78.97233201581028,79.0
2026-08-10 14:23:45,75.39622641509433,80.0
2026-08-10 14:23:46,72.12996389891697,80.0
2026-08-10 14:23:47,75.11384354462581,81.0
2026-08-10 14:23:48,82.56198347107438,81.0
2026-08-10 14:23:49,89.19642857142856,81.0
2026-08-10 14:23:50,90.20729718711782,81.0
2026-08-10 14:23:51,84.66101694915254,80.0
2026-08-10 14:23:52,77.32707509881422,81.0
2026-08-10 14:23:53,74.8314606741573,82.0
2026-08-10 14:23:54,79.92,82.0
2026-08-10 14:23:55,88.0603448275862,83.0
2026-08-10 14:23:56,88.01762114537445,84.0
2026-08-10 14:23:57,85.0967812092214,84.0
2026-08-10 14:23:58,82.90456431535269,85.0
2026-08-10 14:23:59,83.94957983193278,86.0
2026-08-10 14:24:00,88.21235039569606,86.0
2026-08-10 14:24:01,90.40723981900453,86.0
2026-08-10 14:24:02,92.09133389974512,86.0
2026-08-10 14:24:03,89.5964125560538,85.0
2026-08-10 14:24:04,84.67469966060301,84.0
2026-08-10 14:24:05,84.30379746835443,84.0
2026-08-10 14:24:06,83.79163003340953,85.0
2026-08-10 14:24:07,82.56198347107438,85.0
2026-08-10 14:24:08,83.59832635983264,86.0
2026-08-10 14:24:09,87.82460004637143,86.0
2026-08-10 14:24:10,86.86956521739131,88.0
2026-08-10 14:24:11,87.63157894736841,89.0
2026-08-10 14:24:12,87.24890829694323,90.0
2026-08-10 14:24:13,91.0482062780269,92.0
2026-08-10 14:24:14,94.69194312796209,91.0
2026-08-10 14:24:15,98.4331998543866,91.0
2026-08-10 14:24:16,98.68170731707316,90.0
2026-08-10 14:24:17,88.01762114537445,89.0
2026-08-10 14:24:18,81.21951219512195,90.0
2026-08-10 14:24:19,86.7501130198915,91.0
2026-08-10 14:24:20,92.5,91.0
2026-08-10 14:24:21,90.00730519480518,92.0
2026-08-10 14:24:22,95.41395030772738,92.0
2026-08-10 14:24:23,100.40201005025126,91.0
2026-08-10 14:24:24,95.70544554455445,90.0
2026-08-10 14:24:25,90.0,89.0
2026-08-10 14:24:26,82.3921028466483,88.0
2026-08-10 14:24:27,80.24096385542168,87.0
2026-08-10 14:24:28,86.49350649350649,86.0
2026-08-10 14:24:29,87.64675324675325,86.0
2026-08-10 14:24:30,86.49350649350649,86.0
2026-08-10 14:24:31,85.02743521486391,86.0
2026-08-10 14:24:32,89.19642857142856,85.0
2026-08-10 14:24:33,87.44024362215582,85.0
2026-08-10 14:24:34,85.38461538461539,84.0
2026-08-10 14:24:35,83.94957983193278,84.0
2026-08-10 14:24:36,85.96768820786141,83.0
2026-08-10 14:24:37,82.56198347107438,82.0
2026-08-10 14:24:38,79.79894770408163,83.0
2026-08-10 14:24:39,82.56198347107438,83.0
2026-08-10 14:24:40,85.38461538461539,83.0
2026-08-10 14:24:41,84.1296716544926,83.0
2026-08-10 14:24:42,85.75107296137338,83.0
2026-08-10 14:24:43,84.56707709929128,83.0
2026-08-10 14:24:44,79.60159362549801,84.0
2026-08-10 14:24:45,78.66141732283464,85.0
2026-08-10 14:24:46,85.5772617213295,86.0
2026-08-10 14:24:47,91.65137614678899,87.0
2026-08-10 14:24:48,92.12264150943398,86.0
2026-08-10 14:24:49,89.5964125560538,86.0
2026-08-10 14:24:50,93.58365144135843,85.0
2026-08-10 14:24:51,88.01762114537445,83.0
2026-08-10 14:24:52,77.65811320754716,82.0
2026-08-10 14:24:53,71.1032028469751,82.0
2026-08-10 14:24:54,74.27509293680298,82.0
2026-08-10 14:24:55,77.14285714285714,82.0
2026-08-10 14:24:56,83.08590102707751,83.0
2026-08-10 14:24:57,85.38461538461539,84.0
2026-08-10 14:24:58,83.42707207364273,84.0
2026-08-10 14:24:59,85.38461538461539,85.0
2026-08-10 14:25:00,88.80000000000001,86.0
2026-08-10 14:25:01,89.4,87.0
2026-08-10 14:25:02,89.19642857142856,87.0
2026-08-10 14:25:03,86.5080971659919,87.0
2026-08-10 14:25:04,88.01762114537445,86.0
2026-08-10 14:25:05,88.21235039569606,85.0
2026-08-10 14:25:06,87.63157894736841,84.0
2026-08-10 14:25:07,81.20210380531557,84.0
2026-08-10 14:25:08,78.046875,84.0
2026-08-10 14:25:09,78.3529411764706,85.0
2026-08-10 14:25:10,88.24675324675324,85.0
2026-08-10 14:25:11,92.5,85.0
2026-08-10 14:25:12,86.60119827747613,84.0
2026-08-10 14:25:13,78.97233201581028,83.0
2026-08-10 14:25:14,85.38461538461539,82.0
2026-08-10 14:25:15,83.74493607618246,81.0
2026-08-10 14:25:16,75.11278195488723,80.0
2026-08-10 14:25:17,74.55223880597015,79.0
2026-08-10 14:25:18,71.87050359712231,80.0
2026-08-10 14:25:19,80.02371072910492,80.0
2026-08-10 14:25:20,84.30379746835443,79.0
2026-08-10 14:25:21,81.61764705882354,79.0
2026-08-10 14:25:22,76.84615384615385,79.0
2026-08-10 14:25:23,77.7431906614786,79.0
2026-08-10 14:25:24,77.44186046511628,79.0
2026-08-10 14:25:25,76.84615384615385,79.0
2026-08-10 14:25:26,78.97233201581028,80.0
2026-08-10 14:25:27,79.28571428571428,80.0
2026-08-10 14:25:28,85.02127659574468,80.0
2026-08-10 14:25:29,83.94957983193278,80.0
2026-08-10 14:25:30,79.85242030696577,80.0
2026-08-10 14:25:31,76.25954198473282,80.0
2026-08-10 14:25:32,79.60159362549801,81.0
2026-08-10 14:25:33,84.8442064264849,81.0
2026-08-10 14:25:34,86.49350649350649,82.0
2026-08-10 14:25:35,81.88524590163934,82.0
2026-08-10 14:25:36,82.91027429102743,81.0
2026-08-10 14:25:37,84.66101694915254,81.0
2026-08-10 14:25:38,81.7755867287154,81.0
2026-08-10 14:25:39,78.66141732283464,81.0
2026-08-10 14:25:40,77.14285714285714,82.0
2026-08-10 14:25:41,80.97563376815162,83.0
2026-08-10 14:25:42,87.63157894736841,84.0
2026-08-10 14:25:43,90.24040618245586,85.0
2026-08-10 14:25:44,94.24528301886794,85.0
2026-08-10 14:25:45,89.43222782984859,85.0
2026-08-10 14:25:46,81.88524590163934,84.0
2026-08-10 14:25:47,80.89068825910931,83.0
2026-08-10 14:25:48,79.28696282065414,83.0
2026-08-10 14:25:49,84.30379746835443,83.0
2026-08-10 14:25:50,82.90456431535269,83.0
2026-08-10 14:25:51,87.73959938366718,83.0
2026-08-10 14:25:52,86.49350649350649,82.0
2026-08-10 14:25:53,82.29050847457627,82.0
2026-08-10 14:25:54,79.92,83.0
2026-08-10 14:25:55,79.60159362549801,83.0
2026-08-10 14:25:56,83.09452168499689,84.0
2026-08-10 14:25:57,88.01762114537445,85.0
2026-08-10 14:25:58,91.23287671232876,85.0
2026-08-10 14:25:59,89.5964125560538,85.0
2026-08-10 14:26:00,82.91741286678607,85.0
2026-08-10 14:26:01,83.94957983193278,86.0
2026-08-10 14:26:02,87.63157894736841,86.0
2026-08-10 14:26:03,90.00182618752916,87.0
2026-08-10 14:26:04,86.86956521739131,86.0
2026-08-10 14:26:05,89.60361990950227,85.0
2026-08-10 14:26:06,85.02127659574468,85.0
2026-08-10 14:26:07,80.25261324041811,84.0
2026-08-10 14:26:08,81.55102040816327,85.0
2026-08-10 14:26:09,87.63157894736841,85.0
2026-08-10 14:26:10,87.25556381944047,86.0
2026-08-10 14:26:11,86.86956521739131,86.0
2026-08-10 14:26:12,89.00881057268722,87.0
2026-08-10 14:26:13,93.36448598130842,87.0
2026-08-10 14:26:14,92.2986813468186,87.0
2026-08-10 14:26:15,86.12068965517241,86.0
2026-08-10 14:26:16,84.8442064264849,85.0
2026-08-10 14:26:17,88.01762114537445,84.0
2026-08-10 14:26:18,81.91964510762716,83.0
2026-08-10 14:26:19,76.84615384615385,82.0
2026-08-10 14:26:20,76.84615384615385,81.0
2026-08-10 14:26:21,77.44186046511628,80.0
2026-08-10 14:26:22,78.53142857142856,79.0
2026-08-10 14:26:23,79.28571428571428,78.0
2026-08-10 14:26:24,75.68181818181817,79.0
2026-08-10 14:26:25,75.40052121160336,79.0
2026-08-10 14:26:26,78.97233201581028,80.0
2026-08-10 14:26:27,86.12068965517241,81.0
2026-08-10 14:26:28,89.00174610103575,82.0
2026-08-10 14:26:29,88.40707964601769,82.0
2026-08-10 14:26:30,80.25261324041811,81.0
2026-08-10 14:26:31,78.97233201581028,81.0
2026-08-10 14:26:32,82.90456431535269,80.0
2026-08-10 14:26:33,80.97563376815162,80.0
2026-08-10 14:26:34,78.046875,80.0
2026-08-10 14:26:35,76.55172413793103,81.0
2026-08-10 14:26:36,84.42554557124518,81.0
2026-08-10 14:26:37,89.19642857142856,82.0
2026-08-10 14:26:38,91.6590909090909,83.0
2026-08-10 14:26:39,93.80281690140845,83.0
2026-08-10 14:26:40,88.60353982300884,84.0
2026-08-10 14:26:41,89.19642857142856,85.0
2026-08-10 14:26:42,89.39642056374117,85.0
2026-08-10 14:26:43,87.63157894736841,86.0
2026-08-10 14:26:44,85.58668134287288,85.0
2026-08-10 14:26:45,85.38461538461539,84.0
2026-08-10 14:26:46,79.60159362549801,84.0
2026-08-10 14:26:47,77.44186046511628,83.0
2026-08-10 14:26:48,76.70119956379497,83.0
2026-08-10 14:26:49,82.56198347107438,83.0
2026-08-10 14:26:50,86.5080971659919,83.0
2026-08-10 14:26:51,84.30379746835443,84.0
2026-08-10 14:26:52,83.94957983193278,85.0
2026-08-10 14:26:53,87.65855911330048,86.0
2026-08-10 14:26:54,93.59597156398104,87.0
2026-08-10 14:26:55,92.5,87.0
2026-08-10 14:26:56,91.52264150943398,86.0
2026-08-10 14:26:57,82.56198347107438,85.0
2026-08-10 14:26:58,75.96958174904942,84.0
2026-08-10 14:26:59,77.89740082079344,83.0
2026-08-10 14:27:00,77.14285714285714,82.0
2026-08-10 14:27:01,77.14285714285714,81.0
2026-08-10 14:27:02,75.96958174904942,81.0
2026-08-10 14:27:03,82.43415679869335,82.0
2026-08-10 14:27:04,89.19642857142856,83.0
2026-08-10 14:27:05,91.02930798289677,84.0
2026-08-10 14:27:06,87.24890829694323,85.0
2026-08-10 14:27:07,82.23475609756098,85.0
2026-08-10 14:27:08,86.49350649350649,86.0
2026-08-10 14:27:09,91.23477898248541,86.0
2026-08-10 14:27:10,92.93023255813952,85.0
2026-08-10 14:27:11,88.0116562754134,84.0
2026-08-10 14:27:12,75.96958174904942,83.0
2026-08-10 14:27:13,71.1032028469751,82.0
2026-08-10 14:27:14,71.1032028469751,81.0
2026-08-10 14:27:15,78.86801249475499,81.0
2026-08-10 14:27:16,80.89068825910931,81.0
2026-08-10 14:27:17,85.75107296137338,82.0
2026-08-10 14:27:18,89.60361990950227,83.0
2026-08-10 14:27:19,90.81818181818183,84.0
2026-08-10 14:27:20,90.6238943514214,85.0
2026-08-10 14:27:21,88.80000000000001,86.0
2026-08-10 14:27:22,89.6252489288516,87.0
2026-08-10 14:27:23,87.24890829694323,87.0
2026-08-10 14:27:24,89.5964125560538,88.0
2026-08-10 14:27:25,90.0,88.0
2026-08-10 14:27:26,88.80175410872312,88.0
2026-08-10 14:27:27,91.23287671232876,88.0
2026-08-10 14:27:28,92.53173241852488,88.0
2026-08-10 14:27:29,88.01762114537445,87.0
2026-08-10 14:27:30,83.95550847457628,86.0
2026-08-10 14:27:31,82.56198347107438,85.0
2026-08-10 14:27:32,82.56198347107438,84.0
2026-08-10 14:27:33,80.24096385542168,83.0
2026-08-10 14:27:34,81.55102040816327,83.0
2026-08-10 14:27:35,83.44161958568739,82.0
2026-08-10 14:27:36,81.88524590163934,82.0
2026-08-10 14:27:37,80.89068825910931,82.0
2026-08-10 14:27:38,80.72760219407078,82.0
2026-08-10 14:27:39,82.56198347107438,81.0
2026-08-10 14:27:40,80.56451612903226,81.0
2026-08-10 14:27:41,79.12902315076228,81.0
2026-08-10 14:27:42,80.24096385542168,81.0
2026-08-10 14:27:43,78.97233201581028,81.0
2026-08-10 14:27:44,81.73454022219246,81.0
2026-08-10 14:27:45,87.24890829694323,81.0
2026-08-10 14:27:46,82.90456431535269,82.0
2026-08-10 14:27:47,84.1266886501436,82.0
2026-08-10 14:27:48,86.86956521739131,82.0
2026-08-10 14:27:49,80.78299081909367,82.0
2026-08-10 14:27:50,75.96958174904942,81.0
2026-08-10 14:27:51,80.24096385542168,81.0
2026-08-10 14:27:52,81.56324980005331,80.0
2026-08-10 14:27:53,77.7431906614786,80.0
2026-08-10 14:27:54,78.046875,80.0
2026-08-10 14:27:55,82.76165483173818,80.0
2026-08-10 14:27:56,83.59832635983264,81.0
2026-08-10 14:27:57,83.25,82.0
2026-08-10 14:27:58,86.91063829787234,83.0
2026-08-10 14:27:59,92.07373271889402,83.0
2026-08-10 14:28:00,87.25556381944047,84.0
2026-08-10 14:28:01,85.02127659574468,85.0
2026-08-10 14:28:02,85.38617477855902,86.0
2026-08-10 14:28:03,88.01762114537445,86.0
2026-08-10 14:28:04,92.5178468068686,86.0
2026-08-10 14:28:05,111.0,86.0
2026-08-10 14:28:06,77.45225209106768,85.0
2026-08-10 14:28:07,75.39622641509433,84.0
2026-08-10 14:28:08,75.11278195488723,83.0
2026-08-10 14:28:09,75.68181818181817,82.0
2026-08-10 14:28:10,77.46047965378372,81.0
2026-08-10 14:28:11,78.66141732283464,80.0
2026-08-10 14:28:12,78.66141732283464,80.0
2026-08-10 14:28:13,80.0882012724118,79.0
2026-08-10 14:28:14,82.22222222222223,80.0
2026-08-10 14:28:15,84.30379746835443,81.0
2026-08-10 14:28:16,87.83478260869566,81.0
2026-08-10 14:28:17,86.86956521739131,82.0
2026-08-10 14:28:18,84.67469966060301,82.0
2026-08-10 14:28:19,82.56198347107438,82.0
2026-08-10 14:28:20,81.21951219512195,82.0
2026-08-10 14:28:21,78.84141216026899,81.0
2026-08-10 14:28:22,78.046875,80.0
2026-08-10 14:28:23,78.97233201581028,80.0
2026-08-10 14:28:24,75.40052121160336,79.0
2026-08-10 14:28:25,75.68181818181817,78.0
2026-08-10 14:28:26,73.45588235294117,78.0
2026-08-10 14:28:27,76.84615384615385,78.0
2026-08-10 14:28:28,83.5997899159664,78.0
2026-08-10 14:28:29,82.22222222222223,79.0
2026-08-10 14:28:30,84.32781863836303,80.0
2026-08-10 14:28:31,89.5964125560538,81.0
2026-08-10 14:28:32,89.4,82.0
2026-08-10 14:28:33,84.30379746835443,83.0
2026-08-10 14:28:34,83.25,83.0
2026-08-10 14:28:35,84.8442064264849,84.0
2026-08-10 14:28:36,78.97233201581028,84.0
2026-08-10 14:28:37,75.11278195488723,85.0
2026-08-10 14:28:38,71.61290322580645,84.0
2026-08-10 14:28:39,70.48167135355747,83.0
2026-08-10 14:28:40,72.91970802919708,82.0
2026-08-10 14:28:41,72.12996389891697,81.0
2026-08-10 14:28:42,75.11278195488723,80.0
2026-08-10 14:28:43,78.66141732283464,79.0
2026-08-10 14:28:44,79.92,79.0
2026-08-10 14:28:45,81.88524590163934,78.0
2026-08-10 14:28:46,80.75396825396825,78.0
2026-08-10 14:28:47,77.14285714285714,78.0
2026-08-10 14:28:48,77.7431906614786,78.0
2026-08-10 14:28:49,77.47095688242985,78.0
2026-08-10 14:28:50,76.55172413793103,78.0
2026-08-10 14:28:51,81.21951219512195,78.0
2026-08-10 14:28:52,78.97356580427446,79.0
2026-08-10 14:28:53,80.24096385542168,79.0
2026-08-10 14:28:54,84.66101694915254,80.0
2026-08-10 14:28:55,85.42361732838793,80.0
2026-08-10 14:28:56,91.65137614678899,81.0
2026-08-10 14:28:57,86.7501130198915,82.0
2026-08-10 14:28:58,75.96958174904942,80.0
2026-08-10 14:28:59,71.35714285714285,79.0
2026-08-10 14:29:00,70.35211267605634,78.0
2026-08-10 14:29:01,68.19112627986348,77.0
2026-08-10 14:29:02,65.72368421052632,76.0
2026-08-10 14:29:03,68.72553191489362,75.0
2026-08-10 14:29:04,71.61290322580645,74.0
2026-08-10 14:29:05,72.3913043478261,74.0
2026-08-10 14:29:06,75.39622641509433,74.0
2026-08-10 14:29:07,79.44616600790513,74.0
2026-08-10 14:29:08,78.97233201581028,75.0
2026-08-10 14:29:09,78.97233201581028,76.0
2026-08-10 14:29:10,81.73454022219246,77.0
2026-08-10 14:29:11,81.55102040816327,78.0
2026-08-10 14:29:12,79.92,78.0
2026-08-10 14:29:13,80.92384887839432,79.0
2026-08-10 14:29:14,85.02127659574468,80.0
2026-08-10 14:29:15,83.77395309588272,81.0
2026-08-10 14:29:16,82.22222222222223,81.0
2026-08-10 14:29:17,81.88524590163934,81.0
2026-08-10 14:29:18,82.74178613073599,81.0
2026-08-10 14:29:19,83.94957983193278,81.0
2026-08-10 14:29:20,76.84615384615385,81.0
2026-08-10 14:29:21,74.28433215391419,80.0
2026-08-10 14:29:22,77.7431906614786,79.0
2026-08-10 14:29:23,80.56451612903226,79.0
2026-08-10 14:29:24,79.60159362549801,78.0
2026-08-10 14:29:25,77.59252556329744,78.0
2026-08-10 14:29:26,76.55172413793103,78.0
2026-08-10 14:29:27,77.44186046511628,78.0
2026-08-10 14:29:28,83.13765182186235,79.0
2026-08-10 14:29:29,88.80000000000001,80.0
2026-08-10 14:29:30,90.82005826566665,81.0
2026-08-10 14:29:31,86.86956521739131,81.0
2026-08-10 14:29:32,80.32387748841563,82.0
2026-08-10 14:29:33,78.3529411764706,82.0
2026-08-10 14:29:34,82.56198347107438,81.0
2026-08-10 14:29:35,76.25954198473282,81.0
2026-08-10 14:29:36,74.69393744584511,79.0
2026-08-10 14:29:37,75.11278195488723,78.0
2026-08-10 14:29:38,73.45588235294117,78.0
2026-08-10 14:29:39,76.84615384615385,77.0
2026-08-10 14:29:40,78.67239214348831,77.0
2026-08-10 14:29:41,76.55172413793103,77.0
2026-08-10 14:29:42,78.97233201581028,77.0
2026-08-10 14:29:43,74.16818181818181,76.0
2026-08-10 14:29:44,73.18681318681318,76.0
2026-08-10 14:29:45,74.55223880597015,75.0
2026-08-10 14:29:46,76.84615384615385,76.0
2026-08-10 14:29:47,79.29070866141731,76.0
2026-08-10 14:29:48,78.046875,77.0
2026-08-10 14:29:49,76.55172413793103,77.0
2026-08-10 14:29:50,80.41055291030997,78.0
2026-08-10 14:29:51,78.97233201581028,78.0
2026-08-10 14:29:52,78.046875,78.0
2026-08-10 14:29:53,78.97356580427446,78.0
2026-08-10 14:29:54,78.3529411764706,78.0
2026-08-10 14:29:55,79.60159362549801,78.0
2026-08-10 14:29:56,82.08142124443245,79.0
2026-08-10 14:29:57,80.56451612903226,79.0
2026-08-10 14:29:58,80.24096385542168,79.0
2026-08-10 14:29:59,79.28696282065414,79.0
2026-08-10 14:30:00,78.046875,79.0
2026-08-10 14:30:01,78.66141732283464,79.0
2026-08-10 14:30:02,79.64710553482092,79.0
2026-08-10 14:30:03,77.7431906614786,78.0
2026-08-10 14:30:04,79.60159362549801,78.0
2026-08-10 14:30:05,78.66141732283464,78.0
2026-08-10 14:30:06,79.92,78.0
2026-08-10 14:30:07,79.60159362549801,78.0
2026-08-10 14:30:08,76.55172413793103,78.0
2026-08-10 14:30:09,77.14745739970482,78.0
2026-08-10 14:30:10,82.56198347107438,78.0
2026-08-10 14:30:11,78.66141732283464,78.0
2026-08-10 14:30:12,80.57630701683064,79.0
2026-08-10 14:30:13,79.60159362549801,79.0
2026-08-10 14:30:14,82.22222222222223,80.0
2026-08-10 14:30:15,86.71417812088119,80.0
2026-08-10 14:30:16,87.24890829694323,82.0
2026-08-10 14:30:17,87.2755364806867,83.0
2026-08-10 14:30:18,91.65137614678899,84.0
2026-08-10 14:30:19,85.28980230822441,85.0
2026-08-10 14:30:20,80.89068825910931,84.0
2026-08-10 14:30:21,81.55102040816327,84.0
2026-08-10 14:30:22,79.9404647589783,83.0
2026-08-10 14:30:23,78.66141732283464,82.0
2026-08-10 14:30:24,81.55102040816327,82.0
2026-08-10 14:30:25,83.453261248692,82.0
2026-08-10 14:30:26,90.41570929896437,81.0
2026-08-10 14:30:27,97.37815734923676,81.0
2026-08-10 14:30:28,104.34060539950913,82.0
2026-08-10 14:30:29,105.16080777860884,82.0
2026-08-10 14:30:30,93.36448598130842,83.0
2026-08-10 14:30:31,97.04746410129448,84.0
2026-08-10 14:30:32,96.99029126213591,85.0
2026-08-10 14:30:33,93.60829493087559,86.0
2026-08-10 14:30:34,87.24890829694323,87.0
2026-08-10 14:30:35,92.03765672653338,88.0
2026-08-10 14:30:36,94.69194312796209,89.0
2026-08-10 14:30:37,98.18241089539265,90.0
2026-08-10 14:30:38,96.99257688229056,91.0
2026-08-10 14:30:39,95.59808612440192,92.0
2026-08-10 14:30:40,96.0576923076923,93.0
2026-08-10 14:30:41,99.9099909990999,94.0
2026-08-10 14:30:42,94.24528301886794,94.0
2026-08-10 14:30:43,90.83507263747391,94.0
2026-08-10 14:30:44,92.93023255813952,95.0
2026-08-10 14:30:45,84.56707709929128,95.0
2026-08-10 14:30:46,77.14285714285714,94.0
2026-08-10 14:30:47,76.84615384615385,93.0
2026-08-10 14:30:48,84.1296716544926,92.0
2026-08-10 14:30:49,87.63157894736841,91.0
2026-08-10 14:30:50,87.63157894736841,90.0
2026-08-10 14:30:51,85.20604495526297,89.0
2026-08-10 14:30:52,86.49350649350649,88.0
2026-08-10 14:30:53,91.26332255709667,88.0
2026-08-10 14:30:54,97.47269222531591,88.0
2026-08-10 14:30:55,95.14285714285714,89.0
2026-08-10 14:30:56,88.15619654797077,89.0
2026-08-10 14:30:57,82.90456431535269,89.0
2026-08-10 14:30:58,87.63157894736841,89.0
2026-08-10 14:30:59,78.0480659189746,88.0
2026-08-10 14:31:00,83.59832635983264,87.0
2026-08-10 14:31:01,100.9090909090909,87.0
2026-08-10 14:31:02,77.14285714285714,86.0
2026-08-10 14:31:03,76.25954198473282,85.0
2026-08-10 14:31:04,84.66101694915254,84.0
2026-08-10 14:31:05,86.12709030100335,84.0
2026-08-10 14:31:06,85.38461538461539,83.0
2026-08-10 14:31:07,83.07728215767634,83.0
2026-08-10 14:31:08,86.12068965517241,83.0
2026-08-10 14:31:09,92.2986813468186,84.0
2026-08-10 14:31:10,90.40723981900453,85.0
2026-08-10 14:31:11,95.15148766328012,86.0
2026-08-10 14:31:12,100.9090909090909,87.0
2026-08-10 14:31:13,99.90249756243907,87.0
2026-08-10 14:31:14,100.9090909090909,88.0
2026-08-10 14:31:15,102.73104578619012,89.0
2026-08-10 14:31:16,101.42131979695431,90.0
2026-08-10 14:31:17,90.47392685175699,91.0
2026-08-10 14:31:18,83.25,92.0
2026-08-10 14:31:19,80.89068825910931,92.0
2026-08-10 14:31:20,77.14400715563507,92.0
2026-08-10 14:31:21,81.21951219512195,91.0
2026-08-10 14:31:22,86.86956521739131,90.0
2026-08-10 14:31:23,84.85032639665309,90.0
2026-08-10 14:31:24,85.75107296137338,89.0
2026-08-10 14:31:25,90.4090909090909,88.0
2026-08-10 14:31:26,90.81818181818183,87.0
2026-08-10 14:31:27,92.9322429906542,87.0
2026-08-10 14:31:28,84.30379746835443,87.0
2026-08-10 14:31:29,78.66629464285714,87.0
2026-08-10 14:31:30,73.7269372693727,87.0
2026-08-10 14:31:31,78.3529411764706,88.0
2026-08-10 14:31:32,76.84615384615385,87.0
2026-08-10 14:31:33,72.6555061885116,87.0
2026-08-10 14:31:34,78.3529411764706,86.0
2026-08-10 14:31:35,79.60159362549801,85.0
2026-08-10 14:31:36,76.84615384615385,84.0
2026-08-10 14:31:37,79.78622668579627,82.0
2026-08-10 14:31:38,83.94957983193278,81.0
2026-08-10 14:31:39,81.7181331549013,81.0
2026-08-10 14:31:40,81.88524590163934,80.0
2026-08-10 14:31:41,84.30379746835443,80.0
2026-08-10 14:31:42,80.0882012724118,80.0
2026-08-10 14:31:43,80.24096385542168,80.0
2026-08-10 14:31:44,77.14285714285714,80.0
2026-08-10 14:31:45,75.11278195488723,79.0
2026-08-10 14:31:46,75.4650019241459,79.0
2026-08-10 14:31:47,79.28571428571428,79.0
2026-08-10 14:31:48,76.55172413793103,79.0
2026-08-10 14:31:49,78.59454697208568,78.0
2026-08-10 14:31:50,83.59832635983264,78.0
2026-08-10 14:31:51,79.28571428571428,78.0
2026-08-10 14:31:52,76.26398601398601,78.0
2026-08-10 14:31:53,78.046875,79.0
2026-08-10 14:31:54,81.21951219512195,79.0
2026-08-10 14:31:55,75.11278195488723,79.0
2026-08-10 14:31:56,78.69191049913941,78.0
2026-08-10 14:31:57,84.66101694915254,78.0
2026-08-10 14:31:58,84.17145593869732,78.0
2026-08-10 14:31:59,81.55102040816327,78.0
2026-08-10 14:32:00,89.22488038277513,78.0
2026-08-10 14:32:01,100.40201005025126,77.0
2026-08-10 14:32:02,85.96768820786141,77.0
2026-08-10 14:32:03,91.65137614678899,77.0
2026-08-10 14:32:04,88.01762114537445,77.0
2026-08-10 14:32:05,79.07239394318609,78.0
2026-08-10 14:32:06,73.18681318681318,78.0
2026-08-10 14:32:07,76.84615384615385,78.0
2026-08-10 14:32:08,81.78122794636556,78.0
2026-08-10 14:32:09,86.71630204657728,79.0
2026-08-10 14:32:10,91.65137614678899,78.0
2026-08-10 14:32:11,95.59808612440192,78.0
2026-08-10 14:32:12,95.85434882650713,79.0
2026-08-10 14:32:13,90.0,79.0
2026-08-10 14:32:14,83.95106191409354,80.0
2026-08-10 14:32:15,78.3529411764706,80.0
2026-08-10 14:32:16,72.65454545454546,81.0
2026-08-10 14:32:17,67.95918367346938,81.0
2026-08-10 14:32:18,69.375,81.0
2026-08-10 14:32:19,80.02862168212343,80.0
2026-08-10 14:32:20,78.66141732283464,80.0
2026-08-10 14:32:21,75.39622641509433,80.0
2026-08-10 14:32:22,70.60070671378092,79.0
2026-08-10 14:32:23,72.43789982529195,78.0
2026-08-10 14:32:24,68.659793814433,77.0
2026-08-10 14:32:25,67.72881355932203,76.0
2026-08-10 14:32:26,66.82274247491638,74.0
2026-08-10 14:32:27,64.87012987012986,73.0
2026-08-10 14:32:28,65.0814332247557,72.0
2026-08-10 14:32:29,68.42465753424658,70.0
2026-08-10 14:32:30,76.41985401459854,70.0
2026-08-10 14:32:31,76.25954198473282,70.0
2026-08-10 14:32:32,75.11278195488723,70.0
2026-08-10 14:32:33,77.14745739970482,71.0
2026-08-10 14:32:34,72.3913043478261,72.0
2026-08-10 14:32:35,73.7269372693727,72.0
2026-08-10 14:32:36,77.44186046511628,73.0
2026-08-10 14:32:37,73.5934065934066,73.0
2026-08-10 14:32:38,77.7431906614786,74.0
2026-08-10 14:32:39,83.59832635983264,74.0
2026-08-10 14:32:40,77.7431906614786,75.0
2026-08-10 14:32:41,80.34593023255815,75.0
2026-08-10 14:32:42,82.90456431535269,76.0
2026-08-10 14:32:43,82.4089192774773,77.0
2026-08-10 14:32:44,84.30379746835443,78.0
2026-08-10 14:32:45,79.60159362549801,79.0
2026-08-10 14:32:46,74.97212131452227,79.0
2026-08-10 14:32:47,79.28571428571428,79.0
2026-08-10 14:32:48,86.12068965517241,79.0
2026-08-10 14:32:49,81.05510022711563,79.0
2026-08-10 14:32:50,84.30379746835443,80.0
2026-08-10 14:32:51,88.40707964601769,80.0
2026-08-10 14:32:52,83.25,80.0
2026-08-10 14:32:53,83.59832635983264,81.0
2026-08-10 14:32:54,84.75841242450387,82.0
2026-08-10 14:32:55,81.88524590163934,82.0
2026-08-10 14:32:56,83.25,82.0
2026-08-10 14:32:57,80.59727711901625,82.0
2026-08-10 14:32:58,79.28571428571428,82.0
2026-08-10 14:32:59,82.22222222222223,82.0
2026-08-10 14:33:00,82.09527184367724,82.0
2026-08-10 14:33:01,83.25,81.0
2026-08-10 14:33:02,85.23394578861198,81.0
2026-08-10 14:33:03,81.55102040816327,81.0
2026-08-10 14:33:04,79.28571428571428,81.0
2026-08-10 14:33:05,82.74178613073599,81.0
2026-08-10 14:33:06,78.3529411764706,81.0
2026-08-10 14:33:07,78.3529411764706,81.0
2026-08-10 14:33:08,81.57276408538718,81.0
2026-08-10 14:33:09,77.44186046511628,81.0
2026-08-10 14:33:10,73.7269372693727,80.0
2026-08-10 14:33:11,77.96139101861993,80.0
2026-08-10 14:33:12,76.55172413793103,79.0
2026-08-10 14:33:13,74.8314606741573,79.0
2026-08-10 14:33:14,80.89068825910931,78.0
2026-08-10 14:33:15,83.78279063225261,78.0
2026-08-10 14:33:16,87.63157894736841,78.0
2026-08-10 14:33:17,87.87553648068669,79.0
2026-08-10 14:33:18,81.55102040816327,80.0
2026-08-10 14:33:19,85.21224356176342,81.0
2026-08-10 14:33:20,80.24096385542168,81.0
2026-08-10 14:33:21,73.18681318681318,82.0
2026-08-10 14:33:22,84.56707709929128,82.0
2026-08-10 14:33:23,85.02127659574468,82.0
